feature_set,ablation_profiles,n_features,mean_MAE,std_MAE,mean_RMSE,std_RMSE,mean_fit_time,mean_predict_time,overestimation_rate,mean_signed_error,mean_overestimation
full,accuracy,113,9.199,0.477,14.225,0.596,16.867,0.042,0.455,0.421,10.549
no_means,accuracy,71,8.924,0.178,14.096,0.319,10.722,0.04,0.466,0.991,10.609
no_deltas,accuracy,85,9.163,0.401,14.174,0.53,13.853,0.04,0.443,0.299,10.648
no_slopes,accuracy,85,10.499,0.365,16.175,0.432,10.294,0.039,0.448,0.405,12.013
no_means_no_deltas,accuracy,43,9.001,0.201,14.173,0.345,6.801,0.037,0.466,0.894,10.598
no_means_no_raw,accuracy,57,11.104,0.4,16.985,0.623,7.437,0.035,0.469,1.236,13.112
full,balanced_quantile,113,9.985,0.369,15.028,0.658,9.013,0.029,0.393,-1.083,11.271
no_means,balanced_quantile,71,9.408,0.213,14.395,0.462,6.406,0.027,0.404,-0.579,10.899
no_deltas,balanced_quantile,85,9.978,0.358,15.018,0.644,7.348,0.028,0.399,-1.103,11.056
no_slopes,balanced_quantile,85,11.576,0.42,17.228,0.56,6.764,0.028,0.385,-1.468,12.948
no_means_no_deltas,balanced_quantile,43,9.389,0.228,14.348,0.462,4.894,0.026,0.407,-0.55,10.842
no_means_no_raw,balanced_quantile,57,11.531,0.311,17.213,0.451,5.474,0.026,0.397,-0.648,13.649
full,asymmetric,113,10.255,0.502,14.851,0.757,9.193,0.03,0.402,-2.188,9.992
no_means,asymmetric,71,10.147,0.433,14.5,0.708,6.011,0.027,0.387,-2.747,9.553
no_deltas,asymmetric,85,10.235,0.496,14.842,0.698,7.446,0.027,0.408,-2.12,9.9
no_slopes,asymmetric,85,11.694,0.444,16.798,0.654,6.661,0.028,0.391,-2.778,11.275
no_means_no_deltas,asymmetric,43,10.204,0.428,14.6,0.748,4.245,0.026,0.386,-2.691,9.729
no_means_no_raw,asymmetric,57,12.408,0.274,17.402,0.365,5.162,0.026,0.374,-3.521,11.833
full,conservative_quantile,113,10.399,0.539,15.7,0.866,9.271,0.029,0.366,-2.542,10.718
no_means,conservative_quantile,71,9.79,0.285,14.916,0.54,6.637,0.027,0.379,-2.095,10.127
no_deltas,conservative_quantile,85,10.409,0.49,15.675,0.84,7.33,0.028,0.37,-2.509,10.651
no_slopes,conservative_quantile,85,12.061,0.623,17.947,0.901,6.717,0.028,0.365,-3.031,12.245
no_means_no_deltas,conservative_quantile,43,9.777,0.293,14.879,0.514,4.768,0.026,0.374,-2.052,10.311
no_means_no_raw,conservative_quantile,57,11.826,0.2,17.595,0.302,5.405,0.026,0.367,-2.484,12.669
