mean_fit_time,std_fit_time,mean_score_time,std_score_time,param_max_depth,param_max_features,param_min_samples_leaf,params,split0_test_MAE,split1_test_MAE,split2_test_MAE,split3_test_MAE,split4_test_MAE,mean_test_MAE,std_test_MAE,rank_test_MAE,split0_test_RMSE,split1_test_RMSE,split2_test_RMSE,split3_test_RMSE,split4_test_RMSE,mean_test_RMSE,std_test_RMSE,rank_test_RMSE,split0_test_overestimation_rate,split1_test_overestimation_rate,split2_test_overestimation_rate,split3_test_overestimation_rate,split4_test_overestimation_rate,mean_test_overestimation_rate,std_test_overestimation_rate,rank_test_overestimation_rate,split0_test_mean_signed_error,split1_test_mean_signed_error,split2_test_mean_signed_error,split3_test_mean_signed_error,split4_test_mean_signed_error,mean_test_mean_signed_error,std_test_mean_signed_error,rank_test_mean_signed_error,split0_test_mean_overestimation,split1_test_mean_overestimation,split2_test_mean_overestimation,split3_test_mean_overestimation,split4_test_mean_overestimation,mean_test_mean_overestimation,std_test_mean_overestimation,rank_test_mean_overestimation,MAE,RMSE,overestimation_rate,mean_overestimation,mean_signed_error
39.10668230056763,1.660972850208547,0.10627965927124024,0.016016483801907285,12,0.5,1,"{'max_depth': 12, 'max_features': 0.5, 'min_samples_leaf': 1}",-10.16176162664579,-10.455137544436404,-10.59520305054125,-10.209864281307787,-10.292356619676527,-10.342864624521551,0.16082184893869214,20,-14.883467268993392,-15.34455949939269,-15.603207500221508,-14.68220226446818,-14.725383627330926,-15.047764032081338,0.36363799399535124,9,-0.38356991845363936,-0.3184983348471087,-0.41299093655589125,-0.3422717686050015,-0.4306811332127788,-0.37760241833488395,0.04206389365691273,30,0.5629178724853516,-2.5055625545551803,1.7070784691655616,-2.253912954956556,0.9243430416745954,-0.3130272252372456,1.7293606098414374,4,-13.980084181741418,-12.479774805882926,-14.894130150047381,-11.62227220605622,-13.022046702716242,-13.199661609288835,1.1417726937879729,30,10.342864624521551,15.047764032081338,0.37760241833488395,13.199661609288835,-0.3130272252372456
41.01109786033631,2.9050479185996263,0.09104466438293457,0.010241371902365345,12,0.5,2,"{'max_depth': 12, 'max_features': 0.5, 'min_samples_leaf': 2}",-10.111706152974012,-10.353774659163387,-10.578187079067693,-10.195192701773204,-10.251398344375776,-10.298051787470815,0.16066241053023023,4,-14.782556384787416,-15.223902608646698,-15.583950567321551,-14.696374882139605,-14.751686796186934,-15.00769424781644,0.3440825543868856,4,-0.38054968287526425,-0.32182864062973054,-0.41117824773413897,-0.34859897559505876,-0.4345991561181435,-0.3793509405904672,0.040795289252381434,36,0.5724333904309642,-2.457060337576635,1.6608738742028186,-2.2402825845121326,1.106419291982387,-0.2715232730945195,1.7319199048432545,1,-14.037772233418206,-12.268507715992964,-14.882913943910872,-11.409830025578866,-13.067003785518857,-13.133205540883955,1.2330311078316774,22,10.298051787470815,15.00769424781644,0.3793509405904672,13.133205540883955,-0.2715232730945195
38.74738802909851,2.6247004654808883,0.10386810302734376,0.02150732861518548,12,0.5,4,"{'max_depth': 12, 'max_features': 0.5, 'min_samples_leaf': 4}",-10.098127084934157,-10.406296343875612,-10.598525401936518,-10.156059576670799,-10.247819364270764,-10.30136555433757,0.18143943489766245,6,-14.765817394974002,-15.326646802649018,-15.611235785826013,-14.699758184891365,-14.70419942087383,-15.021531517842845,0.37695461554408755,7,-0.37813349441256416,-0.3121404783530124,-0.408761329305136,-0.3498041578788792,-0.4345991561181435,-0.37668772321354704,0.04306649144597471,16,0.6010103968342903,-2.5802045733893335,1.6610948478928245,-2.220921752758382,1.1762153580333734,-0.2725611446774455,1.7732700495834113,2,-14.147301997657877,-12.536169310337625,-14.996061724661908,-11.342257725049661,-13.143185578573206,-13.232995267256054,1.2659289694459928,33,10.30136555433757,15.021531517842845,0.37668772321354704,13.232995267256054,-0.2725611446774455
59.481059074401855,3.7245297977990046,0.10485253334045411,0.013502436998560649,12,0.75,1,"{'max_depth': 12, 'max_features': 0.75, 'min_samples_leaf': 1}",-10.178106483253517,-10.352710182294416,-10.798756589966615,-10.130531997006562,-10.382715200474392,-10.3685640905991,0.2359875270463066,23,-14.959375451745792,-15.528114738293175,-15.8913120581431,-14.76569027031217,-15.044966395007725,-15.237891782700393,0.41205660786817555,23,-0.37994563575958923,-0.31819557977596125,-0.413595166163142,-0.34890027116601385,-0.42646172393007836,-0.37741967535895693,0.0401024165158803,27,0.5147809701212979,-2.4139561907815215,1.4945026439417326,-2.230534904819634,0.9453017601435306,-0.33798114427891884,1.6506633333826157,9,-14.071601891146267,-12.47464530635923,-14.861463865681747,-11.321282534096897,-13.281399390576066,-13.20207859757204,1.2314605182334335,31,10.3685640905991,15.237891782700393,0.37741967535895693,13.20207859757204,-0.33798114427891884
59.21747183799744,4.860700817585253,0.09713006019592285,0.010351402858877494,12,0.75,2,"{'max_depth': 12, 'max_features': 0.75, 'min_samples_leaf': 2}",-10.10124178849687,-10.435864207025526,-10.746586361474067,-10.156543501027231,-10.42148229902364,-10.372343631409468,0.23089954469045346,24,-14.87837086335707,-15.618153461295238,-15.856419959339297,-14.769489205694345,-15.077832869831058,-15.2400532719034,0.42460047350572533,24,-0.37964361220175175,-0.319406600060551,-0.4108761329305136,-0.34829768002410366,-0.4321880650994575,-0.37808241806327547,0.04082956855389627,34,0.5024223285370165,-2.488871376732815,1.5227138000359242,-2.207208430428361,1.0135226787668505,-0.331484199964277,1.680187765968511,7,-13.965287148567697,-12.440245174624085,-14.930655711249292,-11.411696842265421,-13.229200319494018,-13.195417039240102,1.2129993264878627,29,10.372343631409468,15.2400532719034,0.37808241806327547,13.195417039240102,-0.331484199964277
53.415338611602785,2.2219920602981875,0.08289213180541992,0.009434107489089877,12,0.75,4,"{'max_depth': 12, 'max_features': 0.75, 'min_samples_leaf': 4}",-10.185196414019245,-10.336515403003348,-10.709746158606466,-10.130846324191744,-10.266274383083003,-10.32571573658076,0.204376632832481,14,-14.967187479823192,-15.482362687228006,-15.81033351899178,-14.772827847814582,-14.94019743935712,-15.194581794642938,0.3889123280297111,21,-0.38024765931742677,-0.3184983348471087,-0.4096676737160121,-0.3452847243145526,-0.432790837854129,-0.37729784600984584,0.0415167478537533,24,0.6226155157539472,-2.443551733050732,1.565076314564797,-2.2552540519792097,0.9658049658633714,-0.30906179776956516,1.694072791813665,3,-14.211543010118762,-12.39090256742086,-14.981438932963453,-11.404489856663787,-12.97633679658916,-13.192942232751204,1.2747560889515126,27,10.32571573658076,15.194581794642938,0.37729784600984584,13.192942232751204,-0.30906179776956516
75.28829622268677,3.9654889451053936,0.0929563045501709,0.017939151705660582,12,1.0,1,"{'max_depth': 12, 'max_features': 1.0, 'min_samples_leaf': 1}",-10.377232954889415,-10.262263805496879,-10.929105476159702,-10.141825342729485,-10.447061330084997,-10.431497781872096,0.269573950393305,35,-15.300947153068954,-15.563888953913471,-16.033636236484686,-14.807001751198476,-15.292194665057089,-15.399533751944535,0.4003582801127149,35,-0.3787375415282392,-0.31970935513169846,-0.41540785498489424,-0.3431756553178668,-0.43007836045810727,-0.3774217534841612,0.0417634041395535,28,0.5498255054292333,-2.3786889258996906,1.468466331211599,-2.226361756893098,0.9766960584686765,-0.3220125575366559,1.643716756965644,5,-14.42563419542067,-12.329284009142759,-14.922168248145095,-11.532670606405166,-13.281018575760717,-13.29815512697488,1.2621068230735832,35,10.431497781872096,15.399533751944535,0.3774217534841612,13.29815512697488,-0.3220125575366559
79.4538803100586,6.063440006653809,0.09249954223632813,0.009535275691377068,12,1.0,2,"{'max_depth': 12, 'max_features': 1.0, 'min_samples_leaf': 2}",-10.362240048004141,-10.272468651205926,-10.945495585026997,-10.142194789374342,-10.426286852729486,-10.429737185268177,0.27495036515622323,34,-15.282794828842155,-15.602969017013272,-16.06574682632856,-14.835821564267388,-15.266939623160138,-15.410854371922303,0.4083051787722877,36,-0.3787375415282392,-0.3206176203451408,-0.41570996978851965,-0.340765290750226,-0.43007836045810727,-0.37718175657404657,0.0419775055790849,21,0.5335856649807443,-2.371813231225744,1.4556309576995263,-2.24462888273801,0.9714209308623147,-0.3311609120842337,1.6408993173489026,6,-14.384401489510749,-12.320993792348695,-14.91559914841017,-11.587984634892125,-13.250733856327122,-13.291942584297772,1.2391641946857117,34,10.429737185268177,15.410854371922303,0.37718175657404657,13.291942584297772,-0.3311609120842337
73.50789523124695,3.0032076511148045,0.09323816299438477,0.01814979914422363,12,1.0,4,"{'max_depth': 12, 'max_features': 1.0, 'min_samples_leaf': 4}",-10.390147434133137,-10.301100589439152,-10.870433598072841,-10.116018788683382,-10.385944822443482,-10.4127290465544,0.24948694151208883,31,-15.296516875161402,-15.675620689795625,-15.960072404813472,-14.805838198809658,-15.207936547432844,-15.3891969432026,0.39741406769973586,34,-0.37722742373905166,-0.3184983348471087,-0.41540785498489424,-0.33805363061163,-0.42616033755274263,-0.3750695163470854,0.041982340365736816,10,0.5394816539368613,-2.342398782833006,1.442823569050561,-2.275968937251193,0.9508437034946656,-0.3370437587204222,1.6355890828386956,8,-14.486790196397022,-12.494102693545676,-14.820684081155804,-11.595866959404383,-13.301083567561095,-13.339705499612796,1.2055380105302285,36,10.4127290465544,15.3891969432026,0.3750695163470854,13.339705499612796,-0.3370437587204222
46.269186639785765,2.5041776597359857,0.11188488006591797,0.007751206411947353,16,0.5,1,"{'max_depth': 16, 'max_features': 0.5, 'min_samples_leaf': 1}",-10.048813070437363,-10.395915141370644,-10.657063348264835,-10.171220287213002,-10.372370782225582,-10.329076525902284,0.20851059702281954,16,-14.736948603088136,-15.34007029552678,-15.637206466169177,-14.724462040376425,-14.829581315708449,-15.053653744173792,0.369173671237432,12,-0.3760193295077016,-0.319406600060551,-0.40634441087613293,-0.3498041578788792,-0.4358047016274864,-0.3774758399901502,0.04092806011665004,29,0.4772308353473583,-2.5403620807115863,1.4696002503602792,-2.368417595441781,0.7912035363004595,-0.4341490108290541,1.6813025778494473,14,-13.996679265884827,-12.297105099221266,-14.921656695705996,-11.15310169422424,-12.808001240964527,-13.035308799200171,1.313153347905788,15,10.329076525902284,15.053653744173792,0.3774758399901502,13.035308799200171,-0.4341490108290541
42.789339208602904,3.661422053259693,0.10298566818237305,0.01167421389614339,16,0.5,2,"{'max_depth': 16, 'max_features': 0.5, 'min_samples_leaf': 2}",-10.020659538554394,-10.366767911768253,-10.62772886327402,-10.091941361979021,-10.234372072069057,-10.26829394952895,0.21562203452463227,1,-14.735689771151598,-15.436976590830891,-15.647495490099587,-14.60581199876279,-14.631739675610394,-15.011542705291053,0.4405434199529328,5,-0.3754152823920266,-0.31244323342415986,-0.41540785498489424,-0.3473937933112383,-0.4394213381555154,-0.37801630045356693,0.04563559436170076,32,0.5228876092602203,-2.603238108412259,1.5838227619512768,-2.3224206648474945,0.9042551861383752,-0.38293864318197623,1.7341776037212127,10,-14.042511909257517,-12.423904525428705,-14.6982675925439,-11.182584212393557,-12.674199328783354,-13.004293513681407,1.2419246308659662,12,10.26829394952895,15.011542705291053,0.37801630045356693,13.004293513681407,-0.38293864318197623
40.219155359268186,3.049811587590359,0.09001436233520507,0.009403569729147802,16,0.5,4,"{'max_depth': 16, 'max_features': 0.5, 'min_samples_leaf': 4}",-9.965308298144908,-10.44787171423325,-10.671684845492122,-10.115624647059438,-10.157612116703657,-10.271620324326676,0.2538801897172736,2,-14.643370858300853,-15.407263075119925,-15.685003771512426,-14.674145723929076,-14.612159413118937,-15.004388568396243,0.4513940089222643,3,-0.3817577771066143,-0.32031486527399333,-0.41178247734138973,-0.3461886110274179,-0.43640747438215793,-0.37929024102631465,0.04218536560230211,35,0.4703674746532821,-2.5494358959470644,1.5355819403621884,-2.3079364326788756,0.9125275850194753,-0.3877790657181988,1.7021336607906674,11,-13.667928197679904,-12.329174625614023,-14.822469941737992,-11.276639331387768,-12.683260887540522,-12.955894596792044,1.2064908350447614,4,10.271620324326676,15.004388568396243,0.37929024102631465,12.955894596792044,-0.3877790657181988
71.60242486000061,3.275299093125661,0.11837859153747558,0.016637205840990134,16,0.75,1,"{'max_depth': 16, 'max_features': 0.75, 'min_samples_leaf': 1}",-10.125998134290342,-10.335203884495266,-10.65971423975346,-10.124735182688038,-10.344754910450797,-10.31808127033558,0.19595733900393766,10,-14.908697471574113,-15.537258573170783,-15.684304687024184,-14.767577978875197,-14.915521360816218,-15.162672014292099,0.37258597559182766,14,-0.3763213530655391,-0.31970935513169846,-0.4132930513595166,-0.34890027116601385,-0.4318866787221218,-0.378022141888978,0.040979952463503326,33,0.4455859725008694,-2.5965148510633496,1.4430660109337659,-2.396080868184419,0.7915497347772473,-0.4624788002071772,1.6924063961646059,19,-14.045953040764728,-12.102694070750765,-14.641886926087253,-11.075735608738132,-12.89262345180274,-12.951778619628723,1.288228631506354,3,10.31808127033558,15.162672014292099,0.378022141888978,12.951778619628723,-0.4624788002071772
63.773215532302856,3.8961015169691944,0.1264662742614746,0.018400093103727665,16,0.75,2,"{'max_depth': 16, 'max_features': 0.75, 'min_samples_leaf': 2}",-10.042436815817386,-10.370106735616286,-10.697836892069727,-10.085987071454564,-10.30716857606735,-10.300707218205062,0.23468206671845984,5,-14.851327386967833,-15.540585959068634,-15.743776685885722,-14.73342926069091,-14.910685027565632,-15.155960864035745,0.4061917407525612,13,-0.3763213530655391,-0.3163790493490766,-0.4172205438066465,-0.3434769508888219,-0.4333936106088005,-0.377358301543777,0.04380968980217007,26,0.4855146878047249,-2.4956142321119192,1.461863304486058,-2.375627302764458,0.8713182337662467,-0.4105090617638695,1.6829183774490541,12,-13.987980509026006,-12.444712315346852,-14.572269243519058,-11.223984242229147,-12.896460095628607,-13.025081281149934,1.176289726503274,14,10.300707218205062,15.155960864035745,0.377358301543777,13.025081281149934,-0.4105090617638695
59.87484154701233,4.9837351527307545,0.09674634933471679,0.016666842793765776,16,0.75,4,"{'max_depth': 16, 'max_features': 0.75, 'min_samples_leaf': 4}",-10.121060540128884,-10.348253905292099,-10.710563907129297,-10.101660371817326,-10.37636635088901,-10.331581015051324,0.2204967648785644,18,-14.954578367209095,-15.564420992534972,-15.734956448709246,-14.640683563933754,-14.998816780355957,-15.178691230548605,0.4074928428574084,20,-0.37662337662337664,-0.3169845594913715,-0.41299093655589125,-0.34859897559505876,-0.43007836045810727,-0.37705524174476107,0.04128258164577828,20,0.45435708104982453,-2.4783875804351796,1.4923947701090743,-2.3267708746227065,0.7839009181533979,-0.4149011371491179,1.6579346241779545,13,-14.0397785660476,-12.41364301385024,-14.77388193915838,-11.151624131888045,-12.974690539131993,-13.070723638015252,1.2620408764733746,16,10.331581015051324,15.178691230548605,0.37705524174476107,13.070723638015252,-0.4149011371491179
94.38045344352722,2.0768581339278076,0.11558775901794434,0.01431067598835459,16,1.0,1,"{'max_depth': 16, 'max_features': 1.0, 'min_samples_leaf': 1}",-10.266571974630658,-10.25515473176018,-10.89077438141032,-10.14040519506991,-10.45303464580983,-10.401188185736178,0.2645138032731968,28,-15.138427731955401,-15.560842227278778,-15.967490180564909,-14.799678388308202,-15.280610418183771,-15.349409789258212,0.39450689249228227,26,-0.37420718816067655,-0.3178928247048138,-0.41389728096676737,-0.3428743597469117,-0.42857142857142855,-0.3754886164301196,0.04165481359504792,12,0.41034042585508185,-2.5278446317134193,1.3107096448968947,-2.378394176036855,0.7705806357149242,-0.48292162025667473,1.634675774371616,26,-14.26604397014055,-12.153954885930688,-14.739748951487913,-11.319031007104883,-13.094217828445549,-13.114599328621916,1.2739116772556835,19,10.401188185736178,15.349409789258212,0.3754886164301196,13.114599328621916,-0.48292162025667473
88.06563653945923,4.48016689979029,0.10837440490722657,0.016777449050718957,16,1.0,2,"{'max_depth': 16, 'max_features': 1.0, 'min_samples_leaf': 2}",-10.269757068446776,-10.244754257485983,-10.909881863836183,-10.171454393262412,-10.428549543868328,-10.404879425379937,0.26607258547671414,29,-15.17987432907528,-15.57273696094354,-15.997595274867804,-14.833038389514087,-15.225031276010975,-15.36165524608234,0.3949990892633782,28,-0.37269707037148897,-0.3178928247048138,-0.413595166163142,-0.33986140403736065,-0.4282700421940928,-0.37446330149417967,0.04201689636654482,8,0.3941969707159877,-2.4756082934763466,1.323160888626174,-2.37768027835801,0.8307207013889324,-0.4610420022206526,1.6318973106412757,18,-14.306463461777918,-12.2197567233923,-14.788667461888387,-11.466106510358028,-13.145059350374238,-13.185210701558173,1.2423617886677918,25,10.404879425379937,15.36165524608234,0.37446330149417967,13.185210701558173,-0.4610420022206526
81.93425068855285,5.742215153846419,0.09962964057922363,0.014033815755500919,16,1.0,4,"{'max_depth': 16, 'max_features': 1.0, 'min_samples_leaf': 4}",-10.304260043618022,-10.287435420981268,-10.848672924779814,-10.15165280704917,-10.391925869529324,-10.396789413191518,0.23867731254532798,27,-15.184633911624774,-15.686124693269388,-15.926374693738438,-14.8277078506916,-15.195003610930083,-15.363968952050858,0.3920129722187642,29,-0.373301117487164,-0.31274598849530727,-0.41661631419939577,-0.3368484483278096,-0.4273658830620856,-0.37337555031435243,0.04426036190029065,3,0.3863786179963575,-2.4590324091239113,1.3318306728862213,-2.3747240256143023,0.8174177349491182,-0.45962588178130337,1.6261062672550048,17,-14.31905526238075,-12.515593004920063,-14.618370887699268,-11.543661281566333,-13.114457714971609,-13.222227630307604,1.1384883561296628,32,10.396789413191518,15.363968952050858,0.37337555031435243,13.222227630307604,-0.45962588178130337
49.16430459022522,3.375705123577016,0.1346282958984375,0.019446032348055378,20,0.5,1,"{'max_depth': 20, 'max_features': 0.5, 'min_samples_leaf': 1}",-10.057387105182073,-10.349814527249372,-10.624902685176481,-10.20896522559977,-10.315079853690408,-10.31122987937962,0.1869697514973593,9,-14.677562198980924,-15.276215084179952,-15.594814265066198,-14.684624820780536,-14.727525503292169,-14.992148374459955,0.37615436541042185,2,-0.37813349441256416,-0.32182864062973054,-0.40996978851963745,-0.3413678818921362,-0.4333936106088005,-0.37693868321257373,0.04142955230022169,19,0.33070920867220716,-2.510257622898816,1.4646098168152553,-2.4320540230089,0.7822620156155687,-0.47294612096093697,1.6711836700244858,23,-13.736017130659558,-12.179706705112833,-14.744394392628097,-11.390806832038438,-12.802844340179846,-12.970753880123755,1.1731675440164318,7,10.31122987937962,14.992148374459955,0.37693868321257373,12.970753880123755,-0.47294612096093697
45.57667169570923,3.397889095391972,0.12249360084533692,0.022779302165364054,20,0.5,2,"{'max_depth': 20, 'max_features': 0.5, 'min_samples_leaf': 2}",-10.031587943487196,-10.397199813071923,-10.629697493754058,-10.181643780404478,-10.373617591477709,-10.322749324439073,0.20348629379400865,13,-14.707765502510643,-15.360931043191181,-15.60873016205249,-14.67576461744173,-14.846970467746415,-15.04003235858849,0.3759676321249084,8,-0.3763213530655391,-0.3157735392067817,-0.41299093655589125,-0.3452847243145526,-0.43399638336347196,-0.37687338730124736,0.04312505965569835,18,0.34363808548481933,-2.620399135425364,1.5814203065696564,-2.5142546680849027,0.9351261036849364,-0.4548938615541709,1.7689976929406044,16,-13.785061549729672,-12.313889088334895,-14.783760028921545,-11.102994966748984,-13.028615132135297,-13.002864153174079,1.2544541096307873,11,10.322749324439073,15.04003235858849,0.37687338730124736,13.002864153174079,-0.4548938615541709
41.8387086391449,5.351927182179938,0.09384808540344239,0.009914409392558969,20,0.5,4,"{'max_depth': 20, 'max_features': 0.5, 'min_samples_leaf': 4}",-10.072958909351707,-10.455958691042042,-10.585926346198804,-10.161816913965861,-10.234866480138711,-10.302305468139425,0.1902288150431692,7,-14.741588782714736,-15.372862376548218,-15.608620678617585,-14.648679454454797,-14.691884554861069,-15.012727169439279,0.39844025613650713,6,-0.37450921171851403,-0.3169845594913715,-0.41299093655589125,-0.3467912021693281,-0.4349005424954792,-0.3772352904861168,0.04282095776476518,22,0.3176989816288425,-2.661915872379416,1.5127169818005481,-2.3807964601080225,0.8830570493063367,-0.46584786395034217,1.7226695444360913,20,-13.872366240740567,-12.29404175264692,-14.647589398565417,-11.21859551970207,-12.782144930942021,-12.9629475685194,1.1989953353872134,6,10.302305468139425,15.012727169439279,0.3772352904861168,12.9629475685194,-0.46584786395034217
72.57779483795166,6.546449658980204,0.13046340942382811,0.01523257446870778,20,0.75,1,"{'max_depth': 20, 'max_features': 0.75, 'min_samples_leaf': 1}",-10.085565613862887,-10.367945056110837,-10.706248548551777,-10.14467842577173,-10.384300733866509,-10.337747675632748,0.21897191138643107,19,-14.856667494502288,-15.532079019883458,-15.732472461506754,-14.753040521456203,-14.976442399394125,-15.170140379348567,0.3890946924754223,18,-0.37269707037148897,-0.3157735392067817,-0.4172205438066465,-0.346489906598373,-0.42857142857142855,-0.3761504977109438,0.04235978428257677,14,0.3003476213941172,-2.54979676992507,1.4153694495286118,-2.3246089430386205,0.7138731351278846,-0.4889631013826154,1.6317438499225465,29,-13.933451670152323,-12.37935943876874,-14.526631272138335,-11.284700266604865,-12.947869513826792,-13.014402432298212,1.1428966165423606,13,10.337747675632748,15.170140379348567,0.3761504977109438,13.014402432298212,-0.4889631013826154
67.10774159431458,3.9047152005396426,0.11452217102050781,0.01767875564597429,20,0.75,2,"{'max_depth': 20, 'max_features': 0.75, 'min_samples_leaf': 2}",-10.008431196318723,-10.408096086396922,-10.74877224210928,-10.133658873541806,-10.301272027746723,-10.32004608522269,0.2544623418914654,11,-14.769567252566148,-15.632726956924087,-15.764236354179062,-14.755023501405022,-14.911306829292222,-15.16657217887331,0.4396927035278798,15,-0.373301117487164,-0.3163790493490766,-0.4151057401812689,-0.3458873154564628,-0.43007836045810727,-0.37615031658641596,0.042242941430107935,13,0.4443238744406589,-2.608461015802473,1.478489089679557,-2.4896283484512587,0.777665695029222,-0.47952214102085877,1.722830716736383,25,-14.000433672849644,-12.326408917786345,-14.727887557576805,-11.049885589187946,-12.88013852984253,-12.996950853448656,1.2851034504855727,10,10.32004608522269,15.16657217887331,0.37615031658641596,12.996950853448656,-0.47952214102085877
62.58205518722534,4.455072967230698,0.1031604290008545,0.013273317092975469,20,0.75,4,"{'max_depth': 20, 'max_features': 0.75, 'min_samples_leaf': 4}",-10.066532952142538,-10.398463866293948,-10.791898819971827,-10.073507760312147,-10.27531635720002,-10.321143951184096,0.2667729851363615,12,-14.835887269412266,-15.579149638552654,-15.831690309434633,-14.65740243810139,-14.942488654283377,-15.169323661956863,0.45417710087513313,17,-0.3729990939293265,-0.31759006963366637,-0.4114803625377644,-0.346489906598373,-0.42616033755274263,-0.37494395405037456,0.04015198734607136,9,0.39268647436298343,-2.472730359594296,1.4072869578027465,-2.423933637600534,0.8640774025974649,-0.446522632486327,1.6657866856573813,15,-14.020435433667927,-12.47793030153906,-14.823533379013892,-11.038668049252108,-13.069486737980219,-13.086010780290641,1.3002908432241311,17,10.321143951184096,15.169323661956863,0.37494395405037456,13.086010780290641,-0.446522632486327
103.12739601135254,7.132093368295046,0.12504277229309083,0.012920665913424011,20,1.0,1,"{'max_depth': 20, 'max_features': 1.0, 'min_samples_leaf': 1}",-10.277122479663127,-10.243190598777735,-10.917051095912555,-10.19446049406725,-10.492817643780237,-10.424928462440182,0.2663773156250487,33,-15.137479185338787,-15.556691105712536,-15.990200230710403,-14.882640207345698,-15.296728826485305,-15.372747911118546,0.3785282820775242,32,-0.3723950468136515,-0.31607629427792916,-0.4163141993957704,-0.34046399517927084,-0.43128390596745025,-0.3753066883268144,0.043693924886919776,11,0.31081520516922656,-2.490971525258676,1.29174047842849,-2.4233779817779157,0.7523873483791756,-0.5118812950119398,1.6185718370635351,33,-14.216002301086746,-12.263208620609891,-14.66295359617883,-11.412487990393055,-13.036893837870347,-13.118309269227774,1.203204713756473,21,10.424928462440182,15.372747911118546,0.3753066883268144,13.118309269227774,-0.5118812950119398
88.59841055870056,4.198853394820577,0.11138343811035156,0.014163228687854303,20,1.0,2,"{'max_depth': 20, 'max_features': 1.0, 'min_samples_leaf': 2}",-10.252867217772652,-10.25789788937418,-10.90036886757745,-10.18034678253264,-10.467409479411826,-10.41177804733375,0.26241495039512125,30,-15.13462736418133,-15.606024556191162,-15.968960433247977,-14.844738587021267,-15.278456459557168,-15.366561480039781,0.38835090422907664,30,-0.37179099969797647,-0.31607629427792916,-0.41540785498489424,-0.340765290750226,-0.42766726943942135,-0.3743415418300895,0.04256473722520413,7,0.3701162720334986,-2.5033991671140097,1.2848832704597235,-2.4261987815671353,0.7634842777668803,-0.5022228256842085,1.628688331162367,32,-14.286230030360747,-12.2668147890926,-14.66661257341929,-11.37754960884373,-13.130410671712106,-13.145523534685694,1.2258068717132278,24,10.41177804733375,15.366561480039781,0.3743415418300895,13.145523534685694,-0.5022228256842085
84.91505184173585,4.786796126282745,0.10550060272216796,0.016006553535502253,20,1.0,4,"{'max_depth': 20, 'max_features': 1.0, 'min_samples_leaf': 4}",-10.272087991150979,-10.282798554801841,-10.847291484287936,-10.160481511544694,-10.384269166884682,-10.389385741734026,0.2396750240265209,25,-15.147848559536559,-15.659619609322137,-15.914681773068537,-14.826270120612763,-15.183585422046434,-15.346401096917287,0.3892343895381041,25,-0.3748112352763516,-0.31274598849530727,-0.4148036253776435,-0.33594456161494424,-0.4273658830620856,-0.3731342587652665,0.0440682066762356,1,0.3755311644490402,-2.469516534468437,1.3268925654090313,-2.4241966662042014,0.7961564019475952,-0.4790266137733944,1.6348358608071265,24,-14.203975432792774,-12.491418447803117,-14.674635544245069,-11.514228431248918,-13.080624836877817,-13.192976538593538,1.143716227098787,28,10.389385741734026,15.346401096917287,0.3731342587652665,13.192976538593538,-0.4790266137733944
52.290777349472044,1.5049005262511126,0.1362447738647461,0.02681177856259213,,0.5,1,"{'max_depth': None, 'max_features': 0.5, 'min_samples_leaf': 1}",-10.097393536695863,-10.472370572207083,-10.651087613293052,-10.24812292859295,-10.355328511151297,-10.364860632388048,0.18907219354443566,22,-14.75638469231392,-15.367054948095221,-15.621522963459267,-14.694052300298814,-14.818074548784445,-15.051417890590335,0.37251856720329807,11,-0.3769254001812141,-0.31456251892219195,-0.4141993957703928,-0.3498041578788792,-0.43128390596745025,-0.3773550757440256,0.042350833606900465,25,0.38574750830564786,-2.669022101120194,1.4732386706948644,-2.454106658632118,0.7535081374321876,-0.5021268886639225,1.7188757512272554,31,-13.906121794871797,-12.403493743984601,-14.635857038657916,-11.140542635658916,-12.878798043326343,-12.992962651299916,1.210365949145466,9,10.364860632388048,15.051417890590335,0.3773550757440256,12.992962651299916,-0.5021268886639225
43.84036874771118,2.9928474654453416,0.10707035064697265,0.012015178778499159,,0.5,2,"{'max_depth': None, 'max_features': 0.5, 'min_samples_leaf': 2}",-10.003995366474527,-10.401356570137906,-10.670368658020395,-10.089622612021902,-10.378638831933587,-10.308796407717661,0.23879726444797808,8,-14.68778225317453,-15.407334975515226,-15.645879590286889,-14.605078828147786,-14.908942447408482,-15.051003618906583,0.407874861449726,10,-0.3778314708547267,-0.3172873145625189,-0.4105740181268882,-0.3476950888821934,-0.43309222423146476,-0.3772960233315584,0.04170896336499812,23,0.34117422411140363,-2.734738095061664,1.5653702731558472,-2.4153867249636303,0.8277635719548014,-0.4831633501606484,1.7548577058755008,27,-13.69019045340928,-12.08150802632482,-14.900771104559738,-11.035870411241945,-12.937662900522504,-12.929200579211658,1.3243526211019943,1,10.308796407717661,15.051003618906583,0.3772960233315584,12.929200579211658,-0.4831633501606484
43.4716215133667,3.8703792601738525,0.11035723686218261,0.007498492632241708,,0.5,4,"{'max_depth': None, 'max_features': 0.5, 'min_samples_leaf': 4}",-10.047972237794122,-10.36753033874684,-10.6451375445146,-10.089271188251336,-10.294443340048796,-10.28887092987114,0.2149495251301966,3,-14.684404530244862,-15.181781426418958,-15.649248922331898,-14.546707961834,-14.776404133609834,-14.96770939488791,0.401104604338803,1,-0.373301117487164,-0.3184983348471087,-0.4096676737160121,-0.34498342874359744,-0.4370102471368294,-0.37669216038614234,0.0427296623759677,17,0.4146003272436353,-2.634396542502497,1.412123826371427,-2.4081136534913736,0.880188641312401,-0.4671194802132814,1.7081435913856207,21,-14.01358323739483,-12.139990935834156,-14.715905286737739,-11.132647099505812,-12.785320315226363,-12.95748937493978,1.2833827159856275,5,10.28887092987114,14.96770939488791,0.37669216038614234,12.95748937493978,-0.4671194802132814
76.23501625061036,2.4880168467935158,0.12122845649719238,0.009432264219337365,,0.75,1,"{'max_depth': None, 'max_features': 0.75, 'min_samples_leaf': 1}",-10.08823316218665,-10.321120193763244,-10.760302114803627,-10.204609822235614,-10.416796262808921,-10.358212311159612,0.22933232665374004,21,-14.810460860181546,-15.541115616288605,-15.824937420111752,-14.785497731752399,-15.09500236147539,-15.211402797961938,0.4100814308533698,22,-0.373301117487164,-0.3154707841356343,-0.41027190332326285,-0.3422717686050015,-0.43007836045810727,-0.37427878680183396,0.042173174141570104,6,0.32148595590456014,-2.581053587647592,1.427480362537765,-2.461910213919855,0.8241500904159133,-0.49396947854184176,1.6925180691422055,30,-13.942791262135923,-12.267485604606527,-14.853298969072164,-11.31074823943662,-13.068486334968465,-13.088562082043941,1.2392897521521398,18,10.358212311159612,15.211402797961938,0.37427878680183396,13.088562082043941,-0.49396947854184176
72.0438461780548,2.5658287567737807,0.11689295768737792,0.014905159823146627,,0.75,2,"{'max_depth': None, 'max_features': 0.75, 'min_samples_leaf': 2}",-10.019389103698073,-10.375192983623501,-10.754648089205187,-10.12704849410574,-10.363827469488186,-10.328021228024138,0.2534409469994763,15,-14.757812082862056,-15.562246226849236,-15.832647019002383,-14.732773567860537,-14.94834638153548,-15.166765055621937,0.44790668861246036,16,-0.37964361220175175,-0.31668180442022403,-0.40996978851963745,-0.3495028623079241,-0.4273658830620856,-0.37663279010232464,0.04006100573085724,15,0.34727495595783103,-2.5365666251365617,1.2946993866321659,-2.481554828820872,0.7775933067919952,-0.5197107609150883,1.651864763513957,35,-13.653152228130747,-12.376186836559446,-14.695409043854697,-10.93766960132779,-13.034990880006218,-12.939481717975777,1.2590695965397176,2,10.328021228024138,15.166765055621937,0.37663279010232464,12.939481717975777,-0.5197107609150883
63.762942743301394,2.904673969205293,0.1012681007385254,0.028236486321679972,,0.75,4,"{'max_depth': None, 'max_features': 0.75, 'min_samples_leaf': 4}",-10.147133001166434,-10.334766978363238,-10.704334870200656,-10.146758173042045,-10.315612714180775,-10.329721147390629,0.2036535444029871,17,-14.919537676999948,-15.490683494669884,-15.728691724622017,-14.752519330822052,-14.999962015675363,-15.178278848557852,0.3689352384201405,19,-0.3754152823920266,-0.31607629427792916,-0.41450151057401813,-0.3473937933112383,-0.4355033152501507,-0.37777803916107255,0.0433974911468741,31,0.3575521125509372,-2.483866078852622,1.4123327474719025,-2.496489786935453,0.8566989723653617,-0.47075440667997476,1.682287955667976,22,-13.99075318242889,-12.419313060863773,-14.615951098577321,-11.010945695354629,-12.826896254657468,-12.972771858376415,1.257989047469663,8,10.329721147390629,15.178278848557852,0.37777803916107255,12.972771858376415,-0.47075440667997476
98.93431611061096,1.5205885679579068,0.10731029510498047,0.011987825331604585,,1.0,1,"{'max_depth': None, 'max_features': 1.0, 'min_samples_leaf': 1}",-10.31488976140139,-10.272528004844082,-10.922670694864049,-10.217619764989454,-10.540325497287524,-10.4536067446773,0.25894512834576255,36,-15.162240898984164,-15.586374259243158,-15.97697394676064,-14.84799225275704,-15.336459030288035,-15.382008077606608,0.3824382698831225,33,-0.37269707037148897,-0.31456251892219195,-0.4132930513595166,-0.340765290750226,-0.42917420132610007,-0.3740984265459047,0.04295845811850931,5,0.30764723648444603,-2.5826521344232516,1.230380664652568,-2.4913949984935218,0.6833815551537074,-0.5705275353252104,1.63249052034797,36,-14.250899513776337,-12.223128007699714,-14.702704678362572,-11.336578249336869,-13.075933988764046,-13.117848887587908,1.2466578518105569,20,10.4536067446773,15.382008077606608,0.3740984265459047,13.117848887587908,-0.5705275353252104
88.9468542098999,1.6985905649462965,0.08431267738342285,0.005451285210705089,,1.0,2,"{'max_depth': None, 'max_features': 1.0, 'min_samples_leaf': 2}",-10.265209836071508,-10.26367605687951,-10.88842103442043,-10.219421406996807,-10.468404700366271,-10.421026606946906,0.2491525448029082,32,-15.146322144660745,-15.60938816029233,-15.95220104968394,-14.869451706914884,-15.260366671499222,-15.367545946610226,0.376519451037733,31,-0.3729990939293265,-0.3154707841356343,-0.4151057401812689,-0.3389575173244953,-0.42766726943942135,-0.3740400810020293,0.042952290200227256,4,0.31859152691665604,-2.5299835439730987,1.2989818554389552,-2.4579101175765072,0.7817473105723562,-0.5177145937243276,1.6432881765200977,34,-14.187435754191828,-12.257383095071914,-14.679877571118835,-11.44909154203821,-13.15292613541028,-13.145342819566213,1.192187314446674,23,10.421026606946906,15.367545946610226,0.3740400810020293,13.145342819566213,-0.5177145937243276
79.33593277931213,1.3191112481198501,0.07992453575134277,0.013692491305570017,,1.0,4,"{'max_depth': None, 'max_features': 1.0, 'min_samples_leaf': 4}",-10.265050531492912,-10.284164646408938,-10.85294122312512,-10.182723963016583,-10.394575398576563,-10.395891152524024,0.23830183767982546,26,-15.130030948089008,-15.661409768065955,-15.937550012752485,-14.837326847526173,-15.187756357080906,-15.350814786702903,0.39490021182045787,27,-0.37179099969797647,-0.3139570087798971,-0.4151057401812689,-0.3377523350406749,-0.4279686558167571,-0.3733149479033149,0.043643750747700154,2,0.37219670204485156,-2.4610458820261805,1.3014815544359906,-2.424452722822288,0.7955439062860777,-0.4832552884163098,1.6267952666580925,28,-14.305412506191526,-12.458901291589319,-14.640152617804684,-11.485148191884416,-13.07352670899093,-13.192628263292175,1.166331357003472,26,10.395891152524024,15.350814786702903,0.3733149479033149,13.192628263292175,-0.4832552884163098
