mean_fit_time,std_fit_time,mean_score_time,std_score_time,param_alpha,param_learning_rate,param_loss,param_max_depth,param_max_features,param_min_samples_leaf,param_n_estimators,param_subsample,params,split0_test_MAE,split1_test_MAE,split2_test_MAE,split3_test_MAE,split4_test_MAE,mean_test_MAE,std_test_MAE,rank_test_MAE,split0_test_RMSE,split1_test_RMSE,split2_test_RMSE,split3_test_RMSE,split4_test_RMSE,mean_test_RMSE,std_test_RMSE,rank_test_RMSE,split0_test_overestimation_rate,split1_test_overestimation_rate,split2_test_overestimation_rate,split3_test_overestimation_rate,split4_test_overestimation_rate,mean_test_overestimation_rate,std_test_overestimation_rate,rank_test_overestimation_rate,split0_test_mean_signed_error,split1_test_mean_signed_error,split2_test_mean_signed_error,split3_test_mean_signed_error,split4_test_mean_signed_error,mean_test_mean_signed_error,std_test_mean_signed_error,rank_test_mean_signed_error,split0_test_mean_overestimation,split1_test_mean_overestimation,split2_test_mean_overestimation,split3_test_mean_overestimation,split4_test_mean_overestimation,mean_test_mean_overestimation,std_test_mean_overestimation,rank_test_mean_overestimation,profile,mean_MAE,mean_RMSE,overestimation_rate,mean_overestimation,mean_signed_error
565.0909168243409,2.730104148107869,0.5291940212249756,0.01796484643420916,0.8,0.0075,huber,8,1.0,15,1600,0.6,"{'alpha': 0.8, 'learning_rate': 0.0075, 'loss': 'huber', 'max_depth': 8, 'max_features': 1.0, 'min_samples_leaf': 15, 'n_estimators': 1600, 'subsample': 0.6}",-8.924850177662558,-9.309166879015942,-9.217022326721938,-9.212874376419336,-9.286506030725741,-9.190083958109103,0.13789270850892396,5,-13.576786216350579,-14.812505542926095,-14.060856443525422,-13.400298747760624,-14.071887814385438,-13.984466952989631,0.49123960400653965,1,-0.4587737843551797,-0.4159854677565849,-0.4900302114803625,-0.4067490207893944,-0.4831223628691983,-0.4509321694501439,0.034058123706711275,10,0.9898167642957605,-0.3741820778933962,1.607552211134942,-1.0686857912741023,1.4283341238928808,0.516567046031217,1.0537545910261366,8,-10.80561627545227,-10.739539591742275,-11.0448032430044,-10.011319227443344,-11.0891577146053,-10.738087210449518,0.38731878567113925,21,huber_0.80,9.190083958109103,13.984466952989631,0.4509321694501439,10.738087210449518,0.516567046031217
554.4285891532897,2.324335097284924,0.5879204750061036,0.10880167765561824,0.8,0.0075,huber,8,1.0,20,1600,0.6,"{'alpha': 0.8, 'learning_rate': 0.0075, 'loss': 'huber', 'max_depth': 8, 'max_features': 1.0, 'min_samples_leaf': 20, 'n_estimators': 1600, 'subsample': 0.6}",-8.934075112934373,-9.323361216598261,-9.187129520827067,-9.238877547894615,-9.303256593652174,-9.197339998381299,0.14016967887207368,8,-13.61148965407353,-14.816924801470826,-14.051786544364225,-13.43316666000545,-14.110518839355777,-14.004777299853961,0.48049736784704533,8,-0.46028390214436726,-0.4187102633969119,-0.4891238670694864,-0.4064477252184393,-0.4936708860759494,-0.45364732878103087,0.03564523846911066,19,0.9527072773272868,-0.3837720561926268,1.6257054991131001,-1.0511902174993697,1.4911752313425954,0.5269251468181972,1.061904365696119,5,-10.739874177872819,-10.67514931193775,-11.053268658431733,-10.072251389763462,-10.932821976597266,-10.694673102920607,0.339157415683764,10,huber_0.80,9.197339998381299,14.004777299853961,0.45364732878103087,10.694673102920607,0.5269251468181972
546.3374677181243,4.5147725250311455,0.5387757301330567,0.016658285946422265,0.8,0.0075,huber,8,1.0,25,1600,0.6,"{'alpha': 0.8, 'learning_rate': 0.0075, 'loss': 'huber', 'max_depth': 8, 'max_features': 1.0, 'min_samples_leaf': 25, 'n_estimators': 1600, 'subsample': 0.6}",-8.910434958973624,-9.353016993482802,-9.173021788697579,-9.222396828568835,-9.283019151059703,-9.18837794415651,0.15146509408221412,4,-13.567338477076442,-14.852396395629142,-14.051313156120253,-13.420739800937177,-14.088932299090317,-13.996144025770667,0.5019533121804481,4,-0.4620960434913923,-0.4226460793218286,-0.4933534743202417,-0.40795420307321484,-0.498794454490657,-0.4569688509394669,0.03655132936410361,25,0.9808094514719907,-0.3792425561341508,1.665125867089506,-1.0603549723050087,1.4745170379486734,0.5361709656142022,1.071411488680711,2,-10.702585046727265,-10.616180861949353,-10.98416066768379,-10.003625155442998,-10.783536276474258,-10.618017601655533,0.33048155193778983,2,huber_0.80,9.18837794415651,13.996144025770667,0.4569688509394669,10.618017601655533,0.5361709656142022
613.3292646408081,8.439921915031613,0.5662817001342774,0.019784714211083642,0.8,0.0075,huber,9,1.0,15,1600,0.6,"{'alpha': 0.8, 'learning_rate': 0.0075, 'loss': 'huber', 'max_depth': 9, 'max_features': 1.0, 'min_samples_leaf': 15, 'n_estimators': 1600, 'subsample': 0.6}",-8.925903651660544,-9.301761808180089,-9.234237446619444,-9.241882468063633,-9.314027642827211,-9.203562603470184,0.1423723711051602,14,-13.597682589324618,-14.797869775444633,-14.076663206537065,-13.451088557085779,-14.091585599619366,-14.002977945602291,0.47201272825145685,7,-0.45726366656599216,-0.4141689373297003,-0.48036253776435045,-0.3980114492316963,-0.48523206751054854,-0.44700773168045754,0.0350937294887053,4,0.9370548529440761,-0.39996133073239265,1.5958344514974876,-1.0962981868370487,1.383953004588801,0.4841165582921847,1.0516729418790594,15,-10.78476076907064,-10.74658149744508,-11.27281068640473,-10.232851714379647,-11.02357136277215,-10.81211520601445,0.3457002044555599,25,huber_0.80,9.203562603470184,14.002977945602291,0.44700773168045754,10.81211520601445,0.4841165582921847
591.6226713180542,2.3722751712814993,0.5801795482635498,0.02566418519997811,0.8,0.0075,huber,9,1.0,20,1600,0.6,"{'alpha': 0.8, 'learning_rate': 0.0075, 'loss': 'huber', 'max_depth': 9, 'max_features': 1.0, 'min_samples_leaf': 20, 'n_estimators': 1600, 'subsample': 0.6}",-8.907490919209286,-9.324152113616359,-9.2056645573049,-9.19945663699853,-9.365891726292931,-9.200531190684401,0.16032862885210647,11,-13.606105434488255,-14.858481122758466,-14.069284229698365,-13.3814400726602,-14.157981266091857,-14.014658425139427,0.5105767696176519,11,-0.46239806704922987,-0.4193157735392068,-0.48217522658610273,-0.40825549864416993,-0.487040385774563,-0.4518369903186545,0.03233635703211693,15,0.9275018933995476,-0.39990737062718346,1.5948937819071582,-1.076269932119735,1.423490937405528,0.493941861993063,1.0515381536989163,13,-10.634768518141033,-10.641436962488537,-11.199827099872152,-9.948655599074806,-11.076476385566675,-10.700232913028639,0.4390363337591283,11,huber_0.80,9.200531190684401,14.014658425139427,0.4518369903186545,10.700232913028639,0.493941861993063
580.6624527931214,1.2852453413634717,0.5464691162109375,0.006483878922391906,0.8,0.0075,huber,9,1.0,25,1600,0.6,"{'alpha': 0.8, 'learning_rate': 0.0075, 'loss': 'huber', 'max_depth': 9, 'max_features': 1.0, 'min_samples_leaf': 25, 'n_estimators': 1600, 'subsample': 0.6}",-8.90414909352664,-9.32876215070434,-9.158953084297346,-9.20820034055034,-9.308520903070923,-9.181717114429919,0.15229248968248166,3,-13.599575058270045,-14.874761730561112,-14.04314541788245,-13.422318498159893,-14.114197496281884,-14.01079964023108,0.5046946742095957,10,-0.46270009060706735,-0.42022403875264913,-0.4806646525679758,-0.40554383850557396,-0.4918625678119349,-0.4521990376490403,0.03374275368864841,16,0.9483274482861213,-0.3928484281924793,1.6027538102182495,-1.0768921905328137,1.4545854910240468,0.5071852261606249,1.0594155072893252,11,-10.646719918388397,-10.632320974588142,-11.19461025168027,-10.025190100263062,-10.94117249252669,-10.688002747489312,0.3911192708726955,9,huber_0.80,9.181717114429919,14.01079964023108,0.4521990376490403,10.688002747489312,0.5071852261606249
678.8550854682923,17.269809410409376,0.6751853466033936,0.013402550504955974,0.8,0.0075,huber,10,1.0,15,1600,0.6,"{'alpha': 0.8, 'learning_rate': 0.0075, 'loss': 'huber', 'max_depth': 10, 'max_features': 1.0, 'min_samples_leaf': 15, 'n_estimators': 1600, 'subsample': 0.6}",-8.919883429990122,-9.288856786316364,-9.252479118210106,-9.281266858573016,-9.395886010947866,-9.227674440807494,0.16140702421768222,18,-13.61087344348311,-14.802068118742769,-14.082985341317332,-13.482456853229499,-14.173601665874676,-14.030397084529477,0.4679717607693707,16,-0.45756569012382964,-0.4156827126854375,-0.48489425981873113,-0.39258812895450435,-0.4798071127185051,-0.4461075808602016,0.03622528817203834,3,0.8720940527478389,-0.402503816790857,1.5441262252965755,-1.1410929583360239,1.3001335407901935,0.4345514087415454,1.0349056853910317,25,-10.700078364800458,-10.688865206971139,-11.132948189098789,-10.367320481537446,-11.146166103224523,-10.807075669126473,0.29664186598569786,24,huber_0.80,9.227674440807494,14.030397084529477,0.4461075808602016,10.807075669126473,0.4345514087415454
670.3301447868347,4.140081380819887,0.6662091732025146,0.04175473638622143,0.8,0.0075,huber,10,1.0,20,1600,0.6,"{'alpha': 0.8, 'learning_rate': 0.0075, 'loss': 'huber', 'max_depth': 10, 'max_features': 1.0, 'min_samples_leaf': 20, 'n_estimators': 1600, 'subsample': 0.6}",-8.928167835475069,-9.310471654144344,-9.197680222505413,-9.221803904595488,-9.380947691137962,-9.207814261571656,0.1542817274803068,15,-13.60863550076401,-14.860572657974803,-14.048392531822296,-13.423958986412485,-14.165329145370636,-14.021377764468847,0.5005926966362407,14,-0.4563575958924796,-0.40599455040871935,-0.48338368580060426,-0.4040373606507984,-0.488245931283906,-0.44760382480730154,0.03643618063091629,5,0.8996481424704329,-0.40327508218411073,1.543192426429578,-1.0825197618988274,1.3663372773674205,0.4646766004368986,1.030780802363728,20,-10.767669987749025,-10.969601147347001,-11.110090146242133,-10.072439996126105,-11.006015902932361,-10.785163436079326,0.37326965347405117,23,huber_0.80,9.207814261571656,14.021377764468847,0.44760382480730154,10.785163436079326,0.4646766004368986
654.9127143383026,4.612838802709491,0.6596663951873779,0.02682299516236107,0.8,0.0075,huber,10,1.0,25,1600,0.6,"{'alpha': 0.8, 'learning_rate': 0.0075, 'loss': 'huber', 'max_depth': 10, 'max_features': 1.0, 'min_samples_leaf': 25, 'n_estimators': 1600, 'subsample': 0.6}",-8.889787987039519,-9.30931639713562,-9.1467934100981,-9.182644892981438,-9.336660102664842,-9.173040557983903,0.15896894961443878,1,-13.599999333879472,-14.882219304748606,-14.018505060463987,-13.391644989377884,-14.13186655167832,-14.004847048029651,0.5149798071494285,9,-0.452431289640592,-0.4187102633969119,-0.48126888217522656,-0.3986140403736065,-0.49065702230259195,-0.4483362995777858,0.035333758906348205,6,0.9177461557936948,-0.43232281262255295,1.5824874252491643,-1.0954801177386289,1.3924249495126926,0.4729711200388739,1.05393007341964,19,-10.838700115794648,-10.600401232699442,-11.1468674089766,-10.144104266451581,-10.933385811770597,-10.732691767138574,0.3426348970244103,18,huber_0.80,9.173040557983903,14.004847048029651,0.4483362995777858,10.732691767138574,0.4729711200388739
422.764196062088,8.988344030092424,0.3843984603881836,0.020959121507054403,0.8,0.01,huber,8,1.0,15,1200,0.6,"{'alpha': 0.8, 'learning_rate': 0.01, 'loss': 'huber', 'max_depth': 8, 'max_features': 1.0, 'min_samples_leaf': 15, 'n_estimators': 1200, 'subsample': 0.6}",-8.955244155277882,-9.325432113627153,-9.216895556724317,-9.19957775510358,-9.31556840514566,-9.202543597175717,0.13360238292585933,13,-13.570269438808461,-14.820666500157857,-14.087111101721382,-13.391305331189038,-14.106674194141467,-13.995205313203641,0.4995045229372196,3,-0.46511627906976744,-0.420829548894944,-0.49516616314199396,-0.4061464296474842,-0.4843279083785413,-0.4543172658265462,0.0350078460028035,21,0.9734904229285712,-0.30746437439795093,1.5944223205750554,-1.0042423372123852,1.4708114777113712,0.5454035019209323,1.02653442774071,1,-10.673389671571938,-10.714513468587787,-10.916858503313277,-10.089138817500325,-11.135410221319114,-10.705862136458489,0.3494303886909505,12,huber_0.80,9.202543597175717,13.995205313203641,0.4543172658265462,10.705862136458489,0.5454035019209323
406.8892813205719,3.313204149695197,0.374724006652832,0.020456713003768334,0.8,0.01,huber,8,1.0,20,1200,0.6,"{'alpha': 0.8, 'learning_rate': 0.01, 'loss': 'huber', 'max_depth': 8, 'max_features': 1.0, 'min_samples_leaf': 20, 'n_estimators': 1200, 'subsample': 0.6}",-8.926821134375018,-9.336291071631088,-9.159290850165293,-9.236661720002202,-9.33210282348912,-9.198233519932543,0.15075730107622684,9,-13.560297552963423,-14.836354146649086,-14.039481257377096,-13.429367644435173,-14.141482584759352,-14.001396637236827,0.4979988201313222,5,-0.4608879492600423,-0.4211323039660914,-0.49667673716012084,-0.40554383850557396,-0.4912597950572634,-0.4551001247898184,0.036549346708081305,23,0.9519426595366591,-0.35352171767734347,1.6480496829556512,-1.0700664301985119,1.4391927484175535,0.5231193886068016,1.0578552498200475,7,-10.717099253486753,-10.665020552160033,-10.879652422332825,-10.068696050096007,-10.962932118891516,-10.658680079393427,0.31398478823202347,5,huber_0.80,9.198233519932543,14.001396637236827,0.4551001247898184,10.658680079393427,0.5231193886068016
402.76863646507263,1.1102421218214649,0.38349452018737795,0.024108027876724728,0.8,0.01,huber,8,1.0,25,1200,0.6,"{'alpha': 0.8, 'learning_rate': 0.01, 'loss': 'huber', 'max_depth': 8, 'max_features': 1.0, 'min_samples_leaf': 25, 'n_estimators': 1200, 'subsample': 0.6}",-8.951938662702224,-9.353294453305933,-9.168673383631818,-9.24302754351265,-9.27653412355163,-9.198693633340849,0.1369052825633208,10,-13.605238216232891,-14.859810354900532,-14.07040709290918,-13.442745228300787,-14.102445835579509,-14.016129345584579,0.4939220833113826,12,-0.466626396858955,-0.42355434453527097,-0.4984894259818731,-0.40825549864416993,-0.49306811332127787,-0.45799875586830935,0.0363444617481658,26,0.9298817049277671,-0.3356647164305808,1.6498414837663649,-1.0919791062461017,1.477681212418136,0.5259521156871172,1.0669732613898988,6,-10.58857839392327,-10.645186211901104,-10.851298245784239,-9.982778510438257,-10.905405404873985,-10.59464935338417,0.3284553962329137,1,huber_0.80,9.198693633340849,14.016129345584579,0.45799875586830935,10.59464935338417,0.5259521156871172
462.08210787773135,1.7280633878374292,0.44932212829589846,0.011230951052978467,0.8,0.01,huber,9,1.0,15,1200,0.6,"{'alpha': 0.8, 'learning_rate': 0.01, 'loss': 'huber', 'max_depth': 9, 'max_features': 1.0, 'min_samples_leaf': 15, 'n_estimators': 1200, 'subsample': 0.6}",-8.921739398512695,-9.329428324310024,-9.225122224296975,-9.234132481247856,-9.302263655602099,-9.20253721679393,0.14587835604732308,12,-13.58788036997528,-14.816045457166028,-14.087603127108185,-13.41896953711966,-14.049294585988662,-13.99195861547156,0.48644632204781285,2,-0.4515252189670794,-0.4135634271874054,-0.47945619335347434,-0.4019282916541127,-0.4831223628691983,-0.44591909880625397,0.03323350342852111,2,0.8868542761804917,-0.3901802956936707,1.5983540722937783,-1.0869254224041918,1.358091916759313,0.4732389094271442,1.0391854610224185,18,-10.86162329662513,-10.8075901312298,-11.28724213664631,-10.135150010607994,-11.032769740828188,-10.824875063187484,0.3832423142868128,26,huber_0.80,9.20253721679393,13.99195861547156,0.44591909880625397,10.824875063187484,0.4732389094271442
453.86548991203307,1.7262915883632397,0.4387204647064209,0.0032151690866290316,0.8,0.01,huber,9,1.0,20,1200,0.6,"{'alpha': 0.8, 'learning_rate': 0.01, 'loss': 'huber', 'max_depth': 9, 'max_features': 1.0, 'min_samples_leaf': 20, 'n_estimators': 1200, 'subsample': 0.6}",-8.933782565381627,-9.28668943402485,-9.22624127735989,-9.208848749223266,-9.325295877833327,-9.196171580764592,0.13768039693394654,7,-13.644714716805058,-14.815867294661393,-14.116900956124564,-13.40267651869543,-14.108646563057558,-14.0177612098688,0.4842633627682072,13,-0.4645122319540924,-0.42022403875264913,-0.48761329305135953,-0.40584513407652906,-0.4864376130198915,-0.45292646217090426,0.03390133767797066,18,0.9019811638963673,-0.3430297433113222,1.6208246110843858,-1.071204724192614,1.3740312524778207,0.49652051199092756,1.0354796178096994,12,-10.587195613666918,-10.641537449001005,-11.122610932698436,-10.025553273599384,-10.997635507550305,-10.67490655530321,0.38342132886813074,8,huber_0.80,9.196171580764592,14.0177612098688,0.45292646217090426,10.67490655530321,0.49652051199092756
447.1420787811279,2.5879290424383874,0.4703687191009521,0.037718439416150794,0.8,0.01,huber,9,1.0,25,1200,0.6,"{'alpha': 0.8, 'learning_rate': 0.01, 'loss': 'huber', 'max_depth': 9, 'max_features': 1.0, 'min_samples_leaf': 25, 'n_estimators': 1200, 'subsample': 0.6}",-8.930590136364051,-9.322517608694517,-9.202948228795325,-9.13732140333098,-9.312151016430242,-9.181105678723023,0.14305412346502902,2,-13.611398699512467,-14.852087058827808,-14.096305668901717,-13.341968234699687,-14.107989839591077,-14.00194990030655,0.5159431572311349,6,-0.4599818785865297,-0.4229488343929761,-0.4936555891238671,-0.40494124736366377,-0.48945147679324896,-0.4541958052520572,0.03531543635384279,20,0.9044145906255593,-0.36798607743660006,1.6103711317952984,-1.0386118115709457,1.433838010839571,0.5084051688505766,1.0381619859093654,9,-10.690643680585227,-10.585833087954509,-10.952291029239584,-9.999857565123344,-10.977583618374767,-10.641241796255485,0.3540513662513943,3,huber_0.80,9.181105678723023,14.00194990030655,0.4541958052520572,10.641241796255485,0.5084051688505766
509.794304561615,2.764998016044883,0.5027106761932373,0.03406825989259704,0.8,0.01,huber,10,1.0,15,1200,0.6,"{'alpha': 0.8, 'learning_rate': 0.01, 'loss': 'huber', 'max_depth': 10, 'max_features': 1.0, 'min_samples_leaf': 15, 'n_estimators': 1200, 'subsample': 0.6}",-8.962755718947797,-9.328428514060935,-9.275598741227773,-9.256148941972885,-9.35845148425203,-9.236276680092283,0.14154397955749035,21,-13.662822015352994,-14.832076447111247,-14.133606892429873,-13.445088596197861,-14.114896017960518,-14.0376979938105,0.4770561971505709,17,-0.4563575958924796,-0.4123524069028156,-0.4782477341389728,-0.3956010846640554,-0.48010849909584086,-0.4445334641388328,0.034560218203748994,1,0.8679498685338848,-0.417386164535224,1.5631133827685377,-1.152596161958841,1.295410407066909,0.43129826637505336,1.0437764793702133,26,-10.770835936516166,-10.805129544964545,-11.33169208162596,-10.242076038410744,-11.09526483220221,-10.848999686743925,0.3660680117246011,27,huber_0.80,9.236276680092283,14.0376979938105,0.4445334641388328,10.848999686743925,0.43129826637505336
499.7121789932251,3.3731148402065436,0.49057626724243164,0.03139913934847357,0.8,0.01,huber,10,1.0,20,1200,0.6,"{'alpha': 0.8, 'learning_rate': 0.01, 'loss': 'huber', 'max_depth': 10, 'max_features': 1.0, 'min_samples_leaf': 20, 'n_estimators': 1200, 'subsample': 0.6}",-8.935743221346213,-9.325033004551317,-9.246051258189835,-9.225435026193054,-9.354283837511307,-9.217309269558346,0.14868624999233293,16,-13.659315539969302,-14.886597021304093,-14.127322537890144,-13.449831260654063,-14.136512526652304,-14.051915777293981,0.49521233429162226,19,-0.4533373603141045,-0.4159854677565849,-0.48580060422960725,-0.400120518228382,-0.48884870403857744,-0.44881853091345125,0.03588875813421038,7,0.862161191628932,-0.4593164430103736,1.6033494465048816,-1.1098183412520524,1.3207544169958634,0.44342605417345016,1.050521643353681,24,-10.806416226302701,-10.65628158761635,-11.166516272555821,-10.141465277605116,-10.9185502245545,-10.737845917726897,0.3415953204280845,20,huber_0.80,9.217309269558346,14.051915777293981,0.44881853091345125,10.737845917726897,0.44342605417345016
483.3799455165863,0.5534780590534659,0.48783397674560547,0.023365826485326147,0.8,0.01,huber,10,1.0,25,1200,0.6,"{'alpha': 0.8, 'learning_rate': 0.01, 'loss': 'huber', 'max_depth': 10, 'max_features': 1.0, 'min_samples_leaf': 25, 'n_estimators': 1200, 'subsample': 0.6}",-8.95522387770789,-9.312643675838798,-9.165582610461277,-9.186554124177187,-9.357311536451125,-9.195463164927256,0.1404373890161503,6,-13.676324112580447,-14.866281085954872,-14.050067634620257,-13.412375616527335,-14.145789420758899,-14.030167574088361,0.4939073448818951,15,-0.45726366656599216,-0.420829548894944,-0.4879154078549849,-0.4067490207893944,-0.4831223628691983,-0.45117600139490277,0.032564021406378055,12,0.8498926133765541,-0.3870677272007252,1.577378495490841,-1.094790939033673,1.3408634001471336,0.4572551685560261,1.0306631079007027,21,-10.721512781367434,-10.604740056960994,-11.009040637988083,-9.946874819070858,-11.071910305562389,-10.670815720189951,0.4015718055419091,6,huber_0.80,9.195463164927256,14.030167574088361,0.45117600139490277,10.670815720189951,0.4572551685560261
279.55680174827575,0.9908989092029373,0.2799502372741699,0.033125670466443304,0.8,0.015,huber,8,1.0,15,800,0.6,"{'alpha': 0.8, 'learning_rate': 0.015, 'loss': 'huber', 'max_depth': 8, 'max_features': 1.0, 'min_samples_leaf': 15, 'n_estimators': 800, 'subsample': 0.6}",-8.956579753475701,-9.3668273061813,-9.251255387535608,-9.27925963545192,-9.420815663954068,-9.25494754931972,0.16103252009163685,26,-13.58342028869993,-14.863998999291812,-14.113731804401091,-13.478563584783547,-14.240720522312131,-14.056087039897701,0.4994159338126906,20,-0.46602234974328,-0.4178019981834696,-0.48851963746223565,-0.40825549864416993,-0.49909584086799275,-0.4559390649802296,0.03675277405116672,24,0.9785103930103982,-0.36991244447427823,1.5970181813799385,-1.0561265774269868,1.5138948958181602,0.5326768896614464,1.0614464316864363,3,-10.659456732020569,-10.766960068195033,-11.103211352229579,-10.071062221248988,-10.954519818032686,-10.711042038345372,0.35452510098312806,14,huber_0.80,9.25494754931972,14.056087039897701,0.4559390649802296,10.711042038345372,0.5326768896614464
277.66173028945923,1.4744128744314855,0.2851114273071289,0.05063872548733658,0.8,0.015,huber,8,1.0,20,800,0.6,"{'alpha': 0.8, 'learning_rate': 0.015, 'loss': 'huber', 'max_depth': 8, 'max_features': 1.0, 'min_samples_leaf': 20, 'n_estimators': 800, 'subsample': 0.6}",-8.97264240376308,-9.387688699724563,-9.226829912059591,-9.280487779663328,-9.356023687161395,-9.244734496474393,0.14727808153865632,24,-13.633887905262059,-14.908513969197443,-14.135607024644088,-13.488208732130511,-14.206933940471265,-14.074630314341073,0.5009448076916868,25,-0.46481425551192995,-0.42022403875264913,-0.4930513595166163,-0.41217234106658635,-0.5,-0.4580523989695564,0.036238696790485025,27,0.9188496029166028,-0.36044263850780234,1.6478463884766295,-1.0137652418579013,1.4616805780503028,0.5308337378155663,1.0435429076259763,4,-10.640263168978697,-10.740991981339684,-11.027934606242306,-10.028235417754464,-10.817704265211697,-10.65102588790537,0.3364281698125693,4,huber_0.80,9.244734496474393,14.074630314341073,0.4580523989695564,10.65102588790537,0.5308337378155663
271.2251754283905,2.82950725852097,0.2795868396759033,0.03521044604825169,0.8,0.015,huber,8,1.0,25,800,0.6,"{'alpha': 0.8, 'learning_rate': 0.015, 'loss': 'huber', 'max_depth': 8, 'max_features': 1.0, 'min_samples_leaf': 25, 'n_estimators': 800, 'subsample': 0.6}",-8.917875668790295,-9.379342663268517,-9.250864105487127,-9.246826730729127,-9.32057079219024,-9.22309599209306,0.16025481006329906,17,-13.57884646470654,-14.933502272518519,-14.156897100191959,-13.451225216995477,-14.17330011422756,-14.058754233728013,0.5267522919331594,22,-0.4645122319540924,-0.42718740538904026,-0.4882175226586103,-0.40494124736366377,-0.4885473176612417,-0.4546811450053297,0.03346108092261623,22,0.9648551478797385,-0.4115980480570711,1.6124563827913656,-1.0735292543541923,1.4443199792882933,0.5073008415096268,1.0632147985710851,10,-10.637750888814852,-10.496265224678739,-11.125492207983235,-10.091954733663842,-11.017244780927138,-10.673741567213561,0.3723821155883596,7,huber_0.80,9.22309599209306,14.058754233728013,0.4546811450053297,10.673741567213561,0.5073008415096268
310.97851996421815,1.7515841961547758,0.2978540897369385,0.010614650236347877,0.8,0.015,huber,9,1.0,15,800,0.6,"{'alpha': 0.8, 'learning_rate': 0.015, 'loss': 'huber', 'max_depth': 9, 'max_features': 1.0, 'min_samples_leaf': 15, 'n_estimators': 800, 'subsample': 0.6}",-8.91750431104154,-9.384544416573037,-9.242837702499397,-9.272017355712698,-9.377367605055097,-9.238854278176353,0.1701722755960131,23,-13.583889000567043,-14.920532947081503,-14.11538431642993,-13.459620636422153,-14.15925642643277,-14.04773666538668,0.5176526501080408,18,-0.4584717607973422,-0.41537995761429003,-0.48882175226586105,-0.40132570051220245,-0.4891500904159132,-0.45062985232112174,0.03654416493848915,8,0.928193048812865,-0.42269991044236155,1.6085094126955886,-1.0686403764453305,1.354355264856359,0.47994348789542407,1.0442281130701316,16,-10.737517772884695,-10.787526386206132,-11.099492877408961,-10.220348421241889,-10.969764781998215,-10.762930047947979,0.3005663755655454,22,huber_0.80,9.238854278176353,14.04773666538668,0.45062985232112174,10.762930047947979,0.47994348789542407
304.2575769901276,1.1243571849353158,0.2970449924468994,0.01713238276764533,0.8,0.015,huber,9,1.0,20,800,0.6,"{'alpha': 0.8, 'learning_rate': 0.015, 'loss': 'huber', 'max_depth': 9, 'max_features': 1.0, 'min_samples_leaf': 20, 'n_estimators': 800, 'subsample': 0.6}",-8.931387112517392,-9.401448439479491,-9.23139026326247,-9.274263147979333,-9.337892563454298,-9.235276305338598,0.16249737925901586,20,-13.617856170302202,-14.972180935539598,-14.104391418076709,-13.495582945331128,-14.167062888871001,-14.071414871624128,0.521327804860647,24,-0.45816973723950466,-0.4174992431123221,-0.48972809667673717,-0.4088580897860801,-0.4873417721518987,-0.45231938779330855,0.03394564005938461,17,0.8561349655308389,-0.38595463986229633,1.627000896707607,-1.0534198976850337,1.395594279367583,0.4878711208117398,1.0388787900380716,14,-10.681109294798183,-10.797018136379835,-11.086142732727007,-10.053418845883117,-11.012278708869204,-10.725993543731468,0.36635568696583837,16,huber_0.80,9.235276305338598,14.071414871624128,0.45231938779330855,10.725993543731468,0.4878711208117398
300.04990277290347,1.4815444881069508,0.32148122787475586,0.033455791971436354,0.8,0.015,huber,9,1.0,25,800,0.6,"{'alpha': 0.8, 'learning_rate': 0.015, 'loss': 'huber', 'max_depth': 9, 'max_features': 1.0, 'min_samples_leaf': 25, 'n_estimators': 800, 'subsample': 0.6}",-8.940889609490329,-9.3665198983146,-9.244051975015976,-9.238792205130254,-9.369611248046414,-9.231972987199516,0.15618520966981195,19,-13.634149347760358,-14.92605855474239,-14.151537387363263,-13.462211074041056,-14.180495830277502,-14.070890438836916,0.5120670128730824,23,-0.4584717607973422,-0.42022403875264913,-0.48761329305135953,-0.40524254293461887,-0.484629294755877,-0.45123618605836935,0.03337039302067894,13,0.925552506520844,-0.40474178547774586,1.5924419696971885,-1.1354434862724494,1.4215541315073277,0.47987266719503296,1.069111215712519,17,-10.76014158304117,-10.663095499531746,-11.11177043277589,-9.998146616315633,-11.133422490472425,-10.733315324427375,0.41217411726161585,19,huber_0.80,9.231972987199516,14.070890438836916,0.45123618605836935,10.733315324427375,0.47987266719503296
334.336976146698,3.417756739382894,0.27876811027526854,0.027744500903690728,0.8,0.015,huber,10,1.0,15,800,0.6,"{'alpha': 0.8, 'learning_rate': 0.015, 'loss': 'huber', 'max_depth': 10, 'max_features': 1.0, 'min_samples_leaf': 15, 'n_estimators': 800, 'subsample': 0.6}",-8.955877022862358,-9.387001903225034,-9.243777627400773,-9.278107168132578,-9.440004269642591,-9.260953598252668,0.16829040014082694,27,-13.644342578386174,-14.90562094405215,-14.111055796554226,-13.499566447304705,-14.219176001032178,-14.075952353465889,0.4957021173870152,26,-0.46028390214436726,-0.4141689373297003,-0.4906344410876133,-0.40825549864416993,-0.48402652200120555,-0.4514738602414113,0.034439302463290224,14,0.8386991974107331,-0.4617286519166216,1.5820807736359206,-1.0951625675670837,1.2838942968256501,0.4295566096777197,1.033901395325401,27,-10.639711898072244,-10.774918694836144,-11.032509638987516,-10.021842483127998,-11.077800573954429,-10.709356657795665,0.38000086374490816,13,huber_0.80,9.260953598252668,14.075952353465889,0.4514738602414113,10.709356657795665,0.4295566096777197
316.97395639419557,9.408031566260373,0.27028465270996094,0.023907714847437474,0.8,0.015,huber,10,1.0,20,800,0.6,"{'alpha': 0.8, 'learning_rate': 0.015, 'loss': 'huber', 'max_depth': 10, 'max_features': 1.0, 'min_samples_leaf': 20, 'n_estimators': 800, 'subsample': 0.6}",-8.958349869959457,-9.379183325250514,-9.2586214712691,-9.232189744382012,-9.363350367372469,-9.23833895564671,0.1512005759604732,22,-13.665132921284332,-14.920508528386097,-14.114672081297643,-13.422217394803022,-14.158904545012788,-14.056287094156778,0.5130036658580709,21,-0.45967985502869224,-0.42022403875264913,-0.48670694864048336,-0.40524254293461887,-0.4819168173598553,-0.45075404054325985,0.03270100257702421,9,0.8914571076000704,-0.42912489537119286,1.5752778235671099,-1.088342996952531,1.3344451264818422,0.45674243306505974,1.0375461624174758,22,-10.713768364881602,-10.649150934398918,-11.12979722715948,-10.048114258259645,-11.099213711259726,-10.728008899191874,0.3918941099813642,17,huber_0.80,9.23833895564671,14.056287094156778,0.45075404054325985,10.728008899191874,0.45674243306505974
277.93611083030703,5.228332113852541,0.22320656776428222,0.017754446529708777,0.8,0.015,huber,10,1.0,25,800,0.6,"{'alpha': 0.8, 'learning_rate': 0.015, 'loss': 'huber', 'max_depth': 10, 'max_features': 1.0, 'min_samples_leaf': 25, 'n_estimators': 800, 'subsample': 0.6}",-8.95472733486601,-9.380504026118151,-9.23227054001113,-9.25919397396391,-9.424103445564672,-9.250159864104774,0.164272939032546,25,-13.709222813305843,-14.955248420509097,-14.138860835519894,-13.48611406142943,-14.270509915287159,-14.111991209210284,0.5081097256017622,27,-0.45454545454545453,-0.41901301846805933,-0.48580060422960725,-0.40524254293461887,-0.49035563592525616,-0.45099145122059925,0.034320343474294426,11,0.8684569557454331,-0.43008295814192243,1.5831293814836007,-1.1392830576094648,1.3482636267014279,0.4460967896358149,1.0551072397826238,23,-10.805502719672589,-10.680361556186954,-11.131521685369265,-10.018581535829147,-10.984239073687435,-10.724041314149078,0.3846974155544129,15,huber_0.80,9.250159864104774,14.111991209210284,0.45099145122059925,10.724041314149078,0.4460967896358149
