mean_fit_time,std_fit_time,mean_score_time,std_score_time,param_bootstrap,param_criterion,param_max_depth,param_max_features,param_min_samples_leaf,param_min_samples_split,param_n_estimators,params,split0_test_MAE,split1_test_MAE,split2_test_MAE,split3_test_MAE,split4_test_MAE,mean_test_MAE,std_test_MAE,rank_test_MAE,split0_test_RMSE,split1_test_RMSE,split2_test_RMSE,split3_test_RMSE,split4_test_RMSE,mean_test_RMSE,std_test_RMSE,rank_test_RMSE,split0_test_overestimation_rate,split1_test_overestimation_rate,split2_test_overestimation_rate,split3_test_overestimation_rate,split4_test_overestimation_rate,mean_test_overestimation_rate,std_test_overestimation_rate,rank_test_overestimation_rate,split0_test_mean_signed_error,split1_test_mean_signed_error,split2_test_mean_signed_error,split3_test_mean_signed_error,split4_test_mean_signed_error,mean_test_mean_signed_error,std_test_mean_signed_error,rank_test_mean_signed_error,split0_test_mean_overestimation,split1_test_mean_overestimation,split2_test_mean_overestimation,split3_test_mean_overestimation,split4_test_mean_overestimation,mean_test_mean_overestimation,std_test_mean_overestimation,rank_test_mean_overestimation,mean_MAE,mean_RMSE,overestimation_rate,mean_overestimation,mean_signed_error
527.5911564350129,3.6441641705520667,0.4624804973602295,0.029391985164490517,False,absolute_error,16,1.0,4,2,500,"{'bootstrap': False, 'criterion': 'absolute_error', 'max_depth': 16, 'max_features': 1.0, 'min_samples_leaf': 4, 'min_samples_split': 2, 'n_estimators': 500}",-9.141617940199335,-9.306303966091432,-9.812315709969788,-9.237098222356131,-9.367829113924051,-9.373032990508147,0.23215526586777893,2,-14.20878127140625,-14.572918940059512,-15.229119759124766,-13.862651421548913,-14.448492586953913,-14.464392795818672,0.45260755670969227,19,-0.41920869827846574,-0.3887375113533152,-0.429607250755287,-0.3937933112383248,-0.43911995177817964,-0.41409334468071446,0.019739244303775008,24,2.424651464814256,0.0026987587042084983,2.7090172205438066,0.3897568544742395,2.221278782399035,1.549480616187109,1.1224308660559212,1,-13.795359510086458,-11.973378504672898,-14.573,-12.223233358837032,-13.195833905284832,-13.152161055776244,0.9681766206390887,22,9.373032990508147,14.464392795818672,0.41409334468071446,13.152161055776244,1.549480616187109
469.1389754295349,4.049537958347237,0.41755690574646,0.004387557192242335,False,absolute_error,16,1.0,6,2,500,"{'bootstrap': False, 'criterion': 'absolute_error', 'max_depth': 16, 'max_features': 1.0, 'min_samples_leaf': 6, 'min_samples_split': 2, 'n_estimators': 500}",-9.145268498942917,-9.281515289131093,-9.818137764350455,-9.2577002109069,-9.351217600964437,-9.37076787285916,0.2332905143644697,1,-14.229519856050521,-14.573463252146732,-15.26042077688598,-13.930529528894738,-14.480873798478125,-14.49496144249122,0.443019550210471,22,-0.41769858048927816,-0.38661822585528305,-0.4287009063444109,-0.39258812895450435,-0.4382157926461724,-0.41276432685792974,0.020083804892879645,23,2.4129622470552703,-0.028925522252496953,2.71766586102719,0.3279213618559805,2.188349608197709,1.5235947111767305,1.140055562801768,2,-13.835611713665944,-11.96605481597494,-14.620687103594081,-12.208241749808135,-13.16653507565337,-13.159426091739295,0.992113696294326,23,9.37076787285916,14.49496144249122,0.41276432685792974,13.159426091739295,1.5235947111767305
430.65181131362914,1.8955079613264716,0.4102205753326416,0.016112465542047073,False,absolute_error,16,1.0,8,2,500,"{'bootstrap': False, 'criterion': 'absolute_error', 'max_depth': 16, 'max_features': 1.0, 'min_samples_leaf': 8, 'min_samples_split': 2, 'n_estimators': 500}",-9.179013591060103,-9.323726612170754,-9.796049546827794,-9.233395902380236,-9.372163351416518,-9.380869800771082,0.21827040472998993,4,-14.254123489193669,-14.635895208649968,-15.224076231843787,-13.929230741891732,-14.49781858605179,-14.508228851526189,0.43096470630493333,24,-0.41467834491090305,-0.3854072055706933,-0.42658610271903324,-0.3889725821030431,-0.44062688366485836,-0.41125422379370613,0.021326435108401834,19,2.4082398067049224,-0.09657856494096324,2.6576072507552873,0.2377122627297379,2.1989433393610613,1.481184818922009,1.1656877176687277,3,-13.971375091041512,-11.970648075412411,-14.596885269121813,-12.174518977536794,-13.130277701778386,-13.168741022978182,1.0108611228784363,24,9.380869800771082,14.508228851526189,0.41125422379370613,13.168741022978182,1.481184818922009
552.2692694664001,5.3224340012087525,0.5058469772338867,0.04854064674830242,False,absolute_error,18,1.0,4,2,500,"{'bootstrap': False, 'criterion': 'absolute_error', 'max_depth': 18, 'max_features': 1.0, 'min_samples_leaf': 4, 'min_samples_split': 2, 'n_estimators': 500}",-9.149577469042585,-9.331287617317589,-9.811484290030211,-9.285424224163904,-9.40955093429777,-9.397464906970413,0.2235794497523147,6,-14.15060661400233,-14.581533612628528,-15.139809720345825,-13.851269010914296,-14.446003983323434,-14.433844588242883,0.4335815309510917,15,-0.4173965569314407,-0.3887375113533152,-0.4259818731117825,-0.3904790599578186,-0.4394213381555154,-0.4124032679019745,0.019899881919247065,22,2.241669284204168,-0.04242415985467824,2.5560474320241693,0.2543847544441095,2.101806509945751,1.4222967641527038,1.0888453743106794,4,-13.645592619392184,-11.94747507788162,-14.516499999999999,-12.215519290123456,-13.098314128943759,-13.084680223268203,0.939531025879249,16,9.397464906970413,14.433844588242883,0.4124032679019745,13.084680223268203,1.4222967641527038
486.9523925304413,4.396264482639927,0.4374393939971924,0.006452231560878643,False,absolute_error,18,1.0,6,2,500,"{'bootstrap': False, 'criterion': 'absolute_error', 'max_depth': 18, 'max_features': 1.0, 'min_samples_leaf': 6, 'min_samples_split': 2, 'n_estimators': 500}",-9.159464814255513,-9.338708749621555,-9.788092447129909,-9.23895570955107,-9.37004189270645,-9.379052722652897,0.21765493332837602,3,-14.200652038364597,-14.612816165603967,-15.163078640500617,-13.868637069920092,-14.437465704157017,-14.456529923709258,0.43245610709459237,18,-0.41618846270009063,-0.3854072055706933,-0.427190332326284,-0.38806869539017774,-0.4358047016274864,-0.4105318795229464,0.020415976110675672,17,2.310860767139837,-0.11741114138661857,2.5766682779456196,0.21964868936426638,2.0745620855937315,1.412865735731367,1.1282010222919348,6,-13.780206095791002,-11.963058130400627,-14.472191654879774,-12.18676552795031,-13.130427385892117,-13.106529758982765,0.9458262972989581,20,9.379052722652897,14.456529923709258,0.4105318795229464,13.106529758982765,1.412865735731367
443.9869878292084,1.8141233122087843,0.4337451934814453,0.04468597652982726,False,absolute_error,18,1.0,8,2,500,"{'bootstrap': False, 'criterion': 'absolute_error', 'max_depth': 18, 'max_features': 1.0, 'min_samples_leaf': 8, 'min_samples_split': 2, 'n_estimators': 500}",-9.1954971307762,-9.334242506811991,-9.798920241691842,-9.248903585417295,-9.38696021699819,-9.392904736339105,0.21355621239898886,5,-14.243663037815214,-14.624417324862375,-15.21874370237405,-13.897292418530107,-14.495083213964204,-14.49583993950919,0.43840047710744234,23,-0.4180006040471157,-0.38570996064184077,-0.4259818731117825,-0.3883699909611329,-0.4382157926461724,-0.4112556442816088,0.02081125165944782,20,2.3367456961643005,-0.15580532848925274,2.598042296072508,0.20508617053329303,2.1192176009644363,1.420657287049057,1.155533423355921,5,-13.794528901734108,-11.898107535321822,-14.551044680851062,-12.171370054305664,-13.128438101788173,-13.108697854800166,0.9894675938203624,21,9.392904736339105,14.49583993950919,0.4112556442816088,13.108697854800166,1.420657287049057
577.8476182460785,4.525537947784357,0.4876882553100586,0.005969121752041681,False,absolute_error,20,1.0,4,2,500,"{'bootstrap': False, 'criterion': 'absolute_error', 'max_depth': 20, 'max_features': 1.0, 'min_samples_leaf': 4, 'min_samples_split': 2, 'n_estimators': 500}",-9.187643008154636,-9.34129548894944,-9.804525981873113,-9.315636034950286,-9.396533152501506,-9.409126733285795,0.20923469738159597,8,-14.144425861902317,-14.546276372885917,-15.081554876335376,-13.870232451408349,-14.379497206624105,-14.404397353831211,0.40797286754366435,13,-0.4155844155844156,-0.3887375113533152,-0.42779456193353477,-0.38806869539017774,-0.4382157926461724,-0.4116801953815232,0.020312180332088516,21,2.1569193597100575,-0.145331214047836,2.47246253776435,0.15720879783067213,1.9911528028933094,1.3264824568301108,1.0934458227010435,9,-13.64892659883721,-11.82798676012461,-14.34916384180791,-12.205113354037266,-12.993240027510318,-13.004886116463462,0.9216002326009897,13,9.409126733285795,14.404397353831211,0.4116801953815232,13.004886116463462,1.3264824568301108
502.0697632312775,3.9106069169534132,0.4511444568634033,0.005297010398562835,False,absolute_error,20,1.0,6,2,500,"{'bootstrap': False, 'criterion': 'absolute_error', 'max_depth': 20, 'max_features': 1.0, 'min_samples_leaf': 6, 'min_samples_split': 2, 'n_estimators': 500}",-9.196324977348233,-9.366315470784137,-9.81124833836858,-9.299061464296475,-9.371623568414707,-9.408914763842427,0.21087427674292838,7,-14.183996630724954,-14.615793169263753,-15.17408977233004,-13.894337099996092,-14.37742551195164,-14.449128436853297,0.4327991872630556,17,-0.4137722742373905,-0.387223735997578,-0.4256797583081571,-0.3883699909611329,-0.4349005424954792,-0.4099892603999475,0.019322198665410305,15,2.2208184838417395,-0.13831183772328215,2.516550453172205,0.15595450436878558,1.991340265220012,1.3492703737758922,1.1109722082537878,8,-13.796409489051094,-11.915596559812352,-14.480132718239888,-12.172691233514351,-13.063864864864865,-13.085738973096507,0.9646506536021859,17,9.408914763842427,14.449128436853297,0.4099892603999475,13.085738973096507,1.3492703737758922
458.80003056526186,7.4010826371012,0.48674402236938474,0.04553555058176953,False,absolute_error,20,1.0,8,2,500,"{'bootstrap': False, 'criterion': 'absolute_error', 'max_depth': 20, 'max_features': 1.0, 'min_samples_leaf': 8, 'min_samples_split': 2, 'n_estimators': 500}",-9.19701238296587,-9.379145927944293,-9.80632900302115,-9.280210605604097,-9.386421036769137,-9.409823791260909,0.21013970427557632,9,-14.21340124674267,-14.639764935404925,-15.180111955800406,-13.914491697011453,-14.468130790899696,-14.483180125171831,0.425827766443449,21,-0.4173965569314407,-0.38419618528610355,-0.42507552870090637,-0.3862609219644471,-0.4376130198915009,-0.41010844255487966,0.021325015209415186,16,2.265882814859559,-0.1788171359370269,2.5416293051359515,0.11899397408858084,2.0500720313441834,1.3595521978982497,1.1490103593115002,7,-13.73142040520984,-11.973477541371158,-14.52442857142857,-12.166911076443057,-13.066902203856749,-13.092627959661877,0.9558472682906017,18,9.409823791260909,14.483180125171831,0.41010844255487966,13.092627959661877,1.3595521978982497
586.7649840831757,4.661828096293761,0.5035573482513428,0.018177672670604515,False,absolute_error,22,1.0,4,2,500,"{'bootstrap': False, 'criterion': 'absolute_error', 'max_depth': 22, 'max_features': 1.0, 'min_samples_leaf': 4, 'min_samples_split': 2, 'n_estimators': 500}",-9.20181576562972,-9.395682712685437,-9.821113595166162,-9.376469418499548,-9.444545810729355,-9.447925460542043,0.20380679990368855,12,-14.113098491404651,-14.594263608683574,-15.065632872299137,-13.880007790181484,-14.383952748273229,-14.407391102168415,0.408287696748716,14,-0.41467834491090305,-0.3869209809264305,-0.4253776435045317,-0.38987646881590843,-0.4361060880048222,-0.41059190523251915,0.01936869913787311,18,2.1134756871035942,-0.1823802603693612,2.4234078549848936,0.07002229587225067,1.877725437010247,1.260450202920325,1.0917902765144953,12,-13.643455935906774,-11.905922535211268,-14.392530539772729,-12.114724111282843,-12.981097442985488,-13.007546113031818,0.9310175434768265,14,9.447925460542043,14.407391102168415,0.41059190523251915,13.007546113031818,1.260450202920325
511.80150666236875,4.565314548126794,0.4844336032867432,0.019498608182610202,False,absolute_error,22,1.0,6,2,500,"{'bootstrap': False, 'criterion': 'absolute_error', 'max_depth': 22, 'max_features': 1.0, 'min_samples_leaf': 6, 'min_samples_split': 2, 'n_estimators': 500}",-9.19405466626397,-9.37262549197699,-9.820441389728098,-9.300042181379935,-9.401298071127185,-9.417692360095236,0.21371100057642164,10,-14.168384252947563,-14.643159360166432,-15.13119216037718,-13.858452201226472,-14.413236374949964,-14.442884869933522,0.4316637496358595,16,-0.4164904862579281,-0.38631547078413564,-0.42386706948640485,-0.38716480867731246,-0.432790837854129,-0.409325734611982,0.019151887823145863,14,2.1898106312292356,-0.1753448380260366,2.466930211480363,0.06795962639349173,1.9031509945750453,1.2905013251304198,1.1145756994781635,11,-13.666416968817982,-11.903847178683387,-14.494369208838206,-12.098209338521402,-13.059944986072422,-13.044557536186678,0.9680593829577542,15,9.417692360095236,14.442884869933522,0.409325734611982,13.044557536186678,1.2905013251304198
464.7630541801453,3.340012431988951,0.4602025032043457,0.024891265609944965,False,absolute_error,22,1.0,8,2,500,"{'bootstrap': False, 'criterion': 'absolute_error', 'max_depth': 22, 'max_features': 1.0, 'min_samples_leaf': 8, 'min_samples_split': 2, 'n_estimators': 500}",-9.230327997583812,-9.399039358159248,-9.83547341389728,-9.29765863211811,-9.372325497287523,-9.426964979809194,0.21261735039633267,11,-14.22528512144728,-14.640617312878224,-15.190671680125059,-13.92866024448825,-14.419302580930674,-14.480907387973897,0.42506173984702,20,-0.4143763213530655,-0.38570996064184077,-0.42235649546827797,-0.38686351310635736,-0.4361060880048222,-0.4090824757148727,0.0198718735074981,13,2.203226819691936,-0.21714108386315487,2.4950782477341384,0.10058119915637205,2.0120825798673896,1.3187655525173363,1.1392676687174912,10,-13.796100583090379,-11.902594191522763,-14.597326895565091,-12.146712616822429,-13.052337940566689,-13.09901444551347,1.0071095446259182,19,9.426964979809194,14.480907387973897,0.4090824757148727,13.09901444551347,1.3187655525173363
74.09297933578492,0.5748967180671383,0.7584271907806397,0.03516042491952169,False,poisson,24,1.0,1,2,500,"{'bootstrap': False, 'criterion': 'poisson', 'max_depth': 24, 'max_features': 1.0, 'min_samples_leaf': 1, 'min_samples_split': 2, 'n_estimators': 500}",-9.71048363031769,-9.971895053917745,-10.206224689023424,-9.963921211048483,-9.875818397114728,-9.945668596284415,0.16068695095119087,21,-13.932376690315895,-14.593314051647106,-14.764301914743953,-13.841252985070692,-14.121201194251263,-14.250489367205784,0.36521709204169045,10,-0.39323467230443976,-0.37026945201332123,-0.4163141993957704,-0.37601687255197347,-0.4165159734779988,-0.39447023394870073,0.01944687359729174,3,0.49098861447055464,-1.3893977072889179,1.1008570379260927,-1.3080226953998384,0.27107933979005433,-0.1668990821004109,1.0028472354873497,24,-12.971226805873222,-11.589529327847513,-13.57998567351339,-11.509986848332472,-12.18068259444648,-12.366282250002616,0.8012575197849612,1,9.945668596284415,14.250489367205784,0.39447023394870073,12.366282250002616,-0.1668990821004109
57.09217247962952,1.1378236020142805,0.6261587619781495,0.020476082310308123,False,poisson,24,1.0,2,2,500,"{'bootstrap': False, 'criterion': 'poisson', 'max_depth': 24, 'max_features': 1.0, 'min_samples_leaf': 2, 'min_samples_split': 2, 'n_estimators': 500}",-9.630865858354667,-9.936752883595219,-10.144477900290225,-9.904936698290994,-9.796646802137179,-9.882736028533657,0.16897895450415412,13,-13.898782066663848,-14.588469561453982,-14.733984925829775,-13.803085108149835,-14.083752780035738,-14.221614888426638,0.3729610100443074,1,-0.3953488372093023,-0.3723887375113533,-0.4175226586102719,-0.377523350406749,-0.41621458710066306,-0.3957996341676679,0.018819967813204774,8,0.6544170408224154,-1.2899360876310122,1.2851295827510245,-1.1439708339377193,0.4524513851397861,-0.008381782571101093,1.025357017957464,17,-13.00785778425337,-11.609933283361698,-13.687409829546503,-11.60321057613269,-12.312276533448578,-12.444137601348567,0.8104256566936379,7,9.882736028533657,14.221614888426638,0.3957996341676679,12.444137601348567,-0.008381782571101093
50.270879077911374,0.6452818374369098,0.565166425704956,0.018519072397007938,False,poisson,24,1.0,3,2,500,"{'bootstrap': False, 'criterion': 'poisson', 'max_depth': 24, 'max_features': 1.0, 'min_samples_leaf': 3, 'min_samples_split': 2, 'n_estimators': 500}",-9.665318492430565,-9.945589850490801,-10.158105891329972,-9.87519946580984,-9.81113164795596,-9.891069069603429,0.1624107992126598,15,-13.947407231985828,-14.632306016790396,-14.753407211769552,-13.776638600424638,-14.099560654777573,-14.241863943149596,0.3840601850449341,7,-0.39957716701902746,-0.37390251286709053,-0.4172205438066465,-0.3796324194034348,-0.4159132007233273,-0.3972491687639053,0.01793341955986041,10,0.7081198251722208,-1.254373219064071,1.3627029913472477,-1.1218845140767728,0.5231501855884493,0.04354305379341479,1.0444784625900199,13,-12.980519376259569,-11.622303050041497,-13.806617451723971,-11.52867155746113,-12.423604030326217,-12.472343093162477,0.854867327374871,12,9.891069069603429,14.241863943149596,0.3972491687639053,12.472343093162477,0.04354305379341479
75.01578378677368,0.8089497484465623,0.7555819034576416,0.02078961172230211,False,poisson,26,1.0,1,2,500,"{'bootstrap': False, 'criterion': 'poisson', 'max_depth': 26, 'max_features': 1.0, 'min_samples_leaf': 1, 'min_samples_split': 2, 'n_estimators': 500}",-9.725544103012442,-9.993280281849378,-10.240691441006753,-9.959762174871157,-9.855678366736383,-9.954991273495223,0.17065898913813127,24,-13.94275000436699,-14.628608985417346,-14.773033970893419,-13.831407152703056,-14.113196684464983,-14.257799359569159,0.3754844410264864,12,-0.3950468136514648,-0.37026945201332123,-0.41540785498489424,-0.3772220548357939,-0.41229656419529837,-0.3940485479361545,0.01810404873169797,1,0.5025075032977221,-1.3950546146543772,1.1253727962439337,-1.2886236557420931,0.28638678396181905,-0.15388223737859907,1.008892927968847,21,-12.94536653994379,-11.610768347810748,-13.680608227381736,-11.493414035538882,-12.299478132316022,-12.405927056598236,0.8236620426590517,4,9.954991273495223,14.257799359569159,0.3940485479361545,12.405927056598236,-0.15388223737859907
57.88663129806518,0.4462297412410081,0.6870358943939209,0.04846692499464793,False,poisson,26,1.0,2,2,500,"{'bootstrap': False, 'criterion': 'poisson', 'max_depth': 26, 'max_features': 1.0, 'min_samples_leaf': 2, 'min_samples_split': 2, 'n_estimators': 500}",-9.643017834404766,-9.965034315820617,-10.171103426828614,-9.865064172572438,-9.794955642053676,-9.887835078336021,0.17622784472689879,14,-13.901012253144636,-14.64532771960321,-14.761682929656073,-13.775013949618241,-14.076947433018276,-14.231996857008088,0.39845558022233074,3,-0.3944427665357898,-0.371480472297911,-0.41963746223564957,-0.3799337149743899,-0.4125979505726341,-0.3956184733232748,0.018413318551786424,6,0.6419502785380267,-1.2966700110337077,1.2699526533726073,-1.1695086725847275,0.46386732423871196,-0.018081685493817844,1.028350301447237,18,-13.037338982371205,-11.66732163761661,-13.632071859419023,-11.443516536264555,-12.43198488026229,-12.442446779186735,0.8207185426898953,6,9.887835078336021,14.231996857008088,0.3956184733232748,12.442446779186735,-0.018081685493817844
51.24044322967529,1.0314518928763086,0.6229242801666259,0.087117465662431,False,poisson,26,1.0,3,2,500,"{'bootstrap': False, 'criterion': 'poisson', 'max_depth': 26, 'max_features': 1.0, 'min_samples_leaf': 3, 'min_samples_split': 2, 'n_estimators': 500}",-9.668546978877966,-9.931077992282894,-10.173360038215149,-9.873543085222819,-9.823621634143105,-9.894029945748386,0.16469211787787572,20,-13.939354557041298,-14.60850846082346,-14.767745201084836,-13.78800363984755,-14.105817607564536,-14.241885893272336,0.3813106362015037,8,-0.3968589549984899,-0.37571904329397515,-0.41933534743202416,-0.37902982826152454,-0.4177215189873418,-0.39773293859467107,0.018446621281203012,11,0.7150372090996175,-1.2650170346289429,1.318468274835791,-1.13234204986715,0.5425655882846467,0.03574239754479249,1.041162162261345,14,-13.082209758901744,-11.532634707143833,-13.70243217442313,-11.53101996675098,-12.408011978360491,-12.451261717116036,0.8551156585093149,9,9.894029945748386,14.241885893272336,0.39773293859467107,12.451261717116036,0.03574239754479249
75.78315148353576,0.5879291800576708,0.7981363296508789,0.0320037105548367,False,poisson,30,1.0,1,2,500,"{'bootstrap': False, 'criterion': 'poisson', 'max_depth': 30, 'max_features': 1.0, 'min_samples_leaf': 1, 'min_samples_split': 2, 'n_estimators': 500}",-9.747048708375818,-9.97759972322049,-10.22990015231834,-9.960614733345365,-9.832853422351533,-9.94960334792231,0.16378661319899684,22,-13.9904475876176,-14.617079794048047,-14.759107689325537,-13.81919432064396,-14.050595415584247,-14.247284961443878,0.3705737534639762,9,-0.39867109634551495,-0.36754465637299427,-0.41540785498489424,-0.3766194636938837,-0.4125979505726341,-0.39416820439398426,0.019119759134183078,2,0.5192418832135663,-1.3996226750471534,1.1176019757460622,-1.3152022230152878,0.28998611623329534,-0.15759898457390348,1.0165875837643916,22,-12.87563945028502,-11.669299089833828,-13.658266197779337,-11.477649648714209,-12.267195613230268,-12.389609999968533,0.8014010165227163,3,9.94960334792231,14.247284961443878,0.39416820439398426,12.389609999968533,-0.15759898457390348
59.063047361373904,1.6301511847390877,0.6285392284393311,0.008828419429188501,False,poisson,30,1.0,2,2,500,"{'bootstrap': False, 'criterion': 'poisson', 'max_depth': 30, 'max_features': 1.0, 'min_samples_leaf': 2, 'min_samples_split': 2, 'n_estimators': 500}",-9.641481378598161,-9.952526599443239,-10.180412155220369,-9.860594820774413,-9.82997361768322,-9.892997714343881,0.17574595324162462,19,-13.912690491607226,-14.600401881105888,-14.76421305291842,-13.76259188275998,-14.129259418714087,-14.23383134542112,0.38776592947103233,4,-0.3947447900936273,-0.3729942476536482,-0.41812688821752264,-0.3763181681229286,-0.4138034960819771,-0.39519751803394076,0.01855563778138868,5,0.6409197424565612,-1.3131395360715823,1.262211838602643,-1.1820096950169545,0.47183012310053685,-0.024037505385759127,1.033941377334985,20,-13.024112514082702,-11.581126408407705,-13.683195599549913,-11.530914344431146,-12.44770022284068,-12.453409817862429,0.8306603975994358,10,9.892997714343881,14.23383134542112,0.39519751803394076,12.453409817862429,-0.024037505385759127
50.872017002105714,1.164841047345747,0.5519568443298339,0.004225571149300201,False,poisson,30,1.0,3,2,500,"{'bootstrap': False, 'criterion': 'poisson', 'max_depth': 30, 'max_features': 1.0, 'min_samples_leaf': 3, 'min_samples_split': 2, 'n_estimators': 500}",-9.67282842387053,-9.931999483929964,-10.169417254850078,-9.871277440694943,-9.815128598608506,-9.892130240390804,0.16305521996522473,16,-13.948392093468945,-14.602030424384987,-14.757415348336895,-13.765728696817192,-14.11040425380742,-14.236794163363086,0.3809190941755498,6,-0.39867109634551495,-0.37359975779594307,-0.41933534743202416,-0.3766194636938837,-0.4165159734779988,-0.39694832774907296,0.019211755640362732,9,0.7167780754490588,-1.2564803883432758,1.3285696642304836,-1.1325098931247783,0.5198551663682356,0.035242524915944776,1.0396373408705761,15,-13.030298151229985,-11.610712954912005,-13.70977546907661,-11.601587796154153,-12.406467486321574,-12.471768371538866,0.818231258049352,11,9.892130240390804,14.236794163363086,0.39694832774907296,12.471768371538866,0.035242524915944776
71.80911240577697,1.501925733655305,0.6654232978820801,0.04503196533277899,False,poisson,,1.0,1,2,500,"{'bootstrap': False, 'criterion': 'poisson', 'max_depth': None, 'max_features': 1.0, 'min_samples_leaf': 1, 'min_samples_split': 2, 'n_estimators': 500}",-9.730127898086007,-9.995780607401816,-10.23676728590644,-9.95723238223562,-9.847716798006761,-9.953524994327328,0.1691904928286787,23,-13.977718607580492,-14.628276101093856,-14.764301921221458,-13.819826533822102,-14.077968415012556,-14.253618315746092,0.37317959421205377,11,-0.3944427665357898,-0.3726914925825008,-0.41661631419939577,-0.3763181681229286,-0.41500904159132007,-0.395015556606387,0.0185181879758446,4,0.4969578949088763,-1.3809337642022936,1.127416967574218,-1.3189295277769673,0.2762302281838453,-0.15985164026246426,1.0112496954691155,23,-12.963966715392825,-11.557611341627954,-13.638669281733494,-11.477392783806355,-12.19726079626014,-12.366980183764152,0.8305220546282212,2,9.953524994327328,14.253618315746092,0.395015556606387,12.366980183764152,-0.15985164026246426
55.251444005966185,0.44223949752735287,0.5650054454803467,0.02865802455823342,False,poisson,,1.0,2,2,500,"{'bootstrap': False, 'criterion': 'poisson', 'max_depth': None, 'max_features': 1.0, 'min_samples_leaf': 2, 'min_samples_split': 2, 'n_estimators': 500}",-9.648330207454883,-9.944154091059815,-10.178584100848798,-9.866505151595751,-9.823806655202677,-9.892276041232384,0.17293085464922814,17,-13.917659609875825,-14.596838105520623,-14.758883363277835,-13.763899334997438,-14.120690240077318,-14.231594130749809,0.3849753431540529,2,-0.3944427665357898,-0.37359975779594307,-0.4169184290030212,-0.377523350406749,-0.41621458710066306,-0.3957397781684332,0.018392683510846712,7,0.6386882861056514,-1.3085275682302029,1.2600759020284846,-1.1783896317468476,0.47730473494090025,-0.02216965538040284,1.031690153932562,19,-13.039938067449823,-11.557323502798301,-13.718103119392683,-11.506726021699327,-12.374760171070381,-12.439370176482104,0.8541481882849848,5,9.892276041232384,14.231594130749809,0.3957397781684332,12.439370176482104,-0.02216965538040284
47.981485080719,0.8078998777872548,0.4833275318145752,0.03190747541609071,False,poisson,,1.0,3,2,500,"{'bootstrap': False, 'criterion': 'poisson', 'max_depth': None, 'max_features': 1.0, 'min_samples_leaf': 3, 'min_samples_split': 2, 'n_estimators': 500}",-9.675193027810138,-9.936528428854087,-10.164849956361193,-9.873838310210095,-9.814394565455641,-9.892960857738233,0.1611105068339938,18,-13.947669750141252,-14.6032793263706,-14.749924242219095,-13.766550848066204,-14.108307202172067,-14.235146273793845,0.3791651028060548,5,-0.3983690727876774,-0.37420526793823794,-0.4199395770392749,-0.37872853269056944,-0.4177215189873418,-0.39779279388862027,0.019014644991897683,12,0.7178060699544081,-1.2615538357713212,1.3315435040521753,-1.1391916715686992,0.5203390176413234,0.03378861686157728,1.043319101953051,16,-13.044435182978928,-11.591197848281709,-13.688151925887862,-11.531540252048842,-12.370362925222123,-12.445137626883895,0.833511448399248,8,9.892960857738233,14.235146273793845,0.39779279388862027,12.445137626883895,0.03378861686157728
