mean_fit_time,std_fit_time,mean_score_time,std_score_time,param_bootstrap,param_max_depth,param_min_samples_leaf,param_min_samples_split,params,split0_test_MAE,split1_test_MAE,split2_test_MAE,split3_test_MAE,split4_test_MAE,mean_test_MAE,std_test_MAE,rank_test_MAE,split0_test_RMSE,split1_test_RMSE,split2_test_RMSE,split3_test_RMSE,split4_test_RMSE,mean_test_RMSE,std_test_RMSE,rank_test_RMSE
8.259191703796386,4.807109356848038,2.090911054611206,1.0595443702889222,False,20,1,2,"{'bootstrap': False, 'max_depth': 20, 'min_samples_leaf': 1, 'min_samples_split': 2}",-9.767329567443209,-10.113653329543451,-10.296810795859788,-9.91220789068911,-9.981646829641065,-10.014329682635324,0.18009267188796482,54,-14.016575992395017,-14.848617225601558,-14.954090362561372,-13.856430225231456,-14.25685974388933,-14.386514709935748,0.44053047166307713,52
9.144936084747314,4.724697962990359,1.3614322185516357,0.6373124657964228,False,20,1,4,"{'bootstrap': False, 'max_depth': 20, 'min_samples_leaf': 1, 'min_samples_split': 4}",-9.774556418184083,-10.049200768493181,-10.38905030326392,-9.943059622756854,-9.914964841441387,-10.014166390827885,0.20691805831212304,53,-14.009340293863426,-14.765776757804641,-15.013860733082115,-13.877973311621707,-14.187910284131148,-14.370972276100607,0.44193065278424454,44
12.398791456222535,1.4091762844313085,1.5568367958068847,0.7089551455295284,False,20,1,8,"{'bootstrap': False, 'max_depth': 20, 'min_samples_leaf': 1, 'min_samples_split': 8}",-9.745705242303607,-10.076733511712447,-10.33063107210414,-9.890927733038746,-9.95536335476031,-9.99987218278385,0.19685521038796083,50,-13.988208686108909,-14.858929936038408,-14.91571035684871,-13.774227668897813,-14.223292880662171,-14.352073905711203,0.4598864660714068,21
10.668423175811768,0.9172720664226304,1.075308132171631,0.7230260577999942,False,20,2,2,"{'bootstrap': False, 'max_depth': 20, 'min_samples_leaf': 2, 'min_samples_split': 2}",-9.73021946227167,-9.968331796992903,-10.258156057305875,-9.860629394259309,-9.947369980974027,-9.952941338360755,0.17409793796206635,20,-14.052579533757076,-14.709346087622052,-14.887847450684264,-13.784692558166928,-14.275683004270462,-14.342029726900156,0.40783484844154305,10
7.772232341766357,3.506219813472499,1.8634631156921386,0.27865242381075533,False,20,2,4,"{'bootstrap': False, 'max_depth': 20, 'min_samples_leaf': 2, 'min_samples_split': 4}",-9.73021946227167,-9.968331796992903,-10.258156057305875,-9.860629394259307,-9.947369980974027,-9.952941338360755,0.17409793796206655,20,-14.052579533757076,-14.709346087622052,-14.887847450684264,-13.784692558166928,-14.275683004270462,-14.342029726900156,0.40783484844154305,10
11.420857667922974,0.6346012862940164,2.248085069656372,0.46941407508838623,False,20,2,8,"{'bootstrap': False, 'max_depth': 20, 'min_samples_leaf': 2, 'min_samples_split': 8}",-9.741567919249599,-10.047290537805218,-10.267255879279334,-9.880733249608957,-9.934450423635857,-9.974259601915794,0.1764413242859786,35,-14.038428334830495,-14.780447896887653,-14.884810763769213,-13.804317204730362,-14.26763582726744,-14.355128005497033,0.4178054416391024,27
12.605650377273559,0.404836135555483,0.5926470756530762,0.12284680711759545,False,20,3,2,"{'bootstrap': False, 'max_depth': 20, 'min_samples_leaf': 3, 'min_samples_split': 2}",-9.743161283332874,-9.998685953358482,-10.228457891262067,-9.867334943068657,-9.906895631911485,-9.948907140586712,0.1620968231954787,15,-14.019130348661673,-14.79695871759373,-14.890525515810285,-13.814406672343049,-14.24716103945977,-14.353636458773702,0.4239774993853637,25
11.33293194770813,1.492224147324015,1.3641091346740724,0.6770189609993603,False,20,3,4,"{'bootstrap': False, 'max_depth': 20, 'min_samples_leaf': 3, 'min_samples_split': 4}",-9.743161283332874,-9.998685953358478,-10.228457891262067,-9.867334943068657,-9.906895631911485,-9.948907140586712,0.16209682319547847,15,-14.01913034866167,-14.79695871759373,-14.890525515810285,-13.814406672343049,-14.24716103945977,-14.353636458773702,0.423977499385364,25
12.698004722595215,0.2276300781970108,1.0736865997314453,0.08362908076734935,False,20,3,8,"{'bootstrap': False, 'max_depth': 20, 'min_samples_leaf': 3, 'min_samples_split': 8}",-9.64968905713346,-10.045125218695473,-10.278475786997186,-9.879660544436057,-9.922027412941395,-9.954995604040715,0.20627027736336523,22,-13.910082972758037,-14.791647399360796,-14.911286459282987,-13.830311759313542,-14.263464768596258,-14.341358671862327,0.44290241738242153,9
11.983256101608276,0.2949640540445271,1.0309194087982179,0.0922854721982527,False,20,4,2,"{'bootstrap': False, 'max_depth': 20, 'min_samples_leaf': 4, 'min_samples_split': 2}",-9.72722369653465,-10.088351900022722,-10.2829236577167,-9.902850585698905,-9.918692468642366,-9.98400846172307,0.1881643127364203,41,-14.03161804803299,-14.817219994720459,-14.911272378704654,-13.881671531381787,-14.27690816156851,-14.383738022881682,0.4131999453836943,49
10.293092250823975,1.1660428005570564,0.7684831619262695,0.3119814753225836,False,20,4,4,"{'bootstrap': False, 'max_depth': 20, 'min_samples_leaf': 4, 'min_samples_split': 4}",-9.72722369653465,-10.088351900022722,-10.282923657716697,-9.902850585698905,-9.918692468642368,-9.984008461723068,0.18816431273641962,40,-14.03161804803299,-14.817219994720459,-14.911272378704654,-13.881671531381787,-14.27690816156851,-14.383738022881682,0.4131999453836943,49
10.210814666748046,0.6486033546735479,2.454183578491211,0.1650184409181292,False,20,4,8,"{'bootstrap': False, 'max_depth': 20, 'min_samples_leaf': 4, 'min_samples_split': 8}",-9.72722369653465,-10.088351900022722,-10.2829236577167,-9.902850585698905,-9.918692468642366,-9.98400846172307,0.1881643127364203,41,-14.031618048032987,-14.817219994720459,-14.911272378704654,-13.881671531381787,-14.27690816156851,-14.383738022881682,0.4131999453836949,49
14.522130966186523,0.08270450825991324,0.33033266067504885,0.15252478703108371,False,21,1,2,"{'bootstrap': False, 'max_depth': 21, 'min_samples_leaf': 1, 'min_samples_split': 2}",-9.714776762205735,-10.09199958395852,-10.28042062529642,-9.913006483001915,-9.948832793888187,-9.989807249670156,0.18874238533120843,44,-13.973863700353796,-14.841998267373837,-14.867148937668187,-13.837701152857406,-14.231689459964194,-14.350480303643485,0.4306808967091474,19
13.185397863388062,0.741168162316469,1.2957463264465332,0.18198325582682567,False,21,1,4,"{'bootstrap': False, 'max_depth': 21, 'min_samples_leaf': 1, 'min_samples_split': 4}",-9.698584137892308,-10.041645721363102,-10.288232542265861,-9.99459687833749,-9.907195607357846,-9.986050977443321,0.1914851740083098,43,-13.951378399934939,-14.756664108576192,-14.894686723269238,-13.888484414956864,-14.227828424078034,-14.343808414163055,0.41199256164968867,12
9.076730012893677,1.5578025118117171,1.9546898365020753,0.8965615737840777,False,21,1,8,"{'bootstrap': False, 'max_depth': 21, 'min_samples_leaf': 1, 'min_samples_split': 8}",-9.744086610600025,-10.075969232598865,-10.331865935212996,-9.922650126450796,-9.93055035849758,-10.001024452672052,0.19606070195587183,51,-13.982241441208043,-14.82984571857665,-14.91400389647982,-13.8108220632104,-14.202666385651053,-14.347915901025193,0.446317597802423,15
11.422171211242675,1.9473273716077912,1.0835586547851563,0.6400244165948754,False,21,2,2,"{'bootstrap': False, 'max_depth': 21, 'min_samples_leaf': 2, 'min_samples_split': 2}",-9.650940967728284,-9.97801224076955,-10.224842907451348,-9.894774290462914,-9.959739298033435,-9.941661940889105,0.18360649823136008,10,-13.959535429129764,-14.767422608851595,-14.878153268210353,-13.898070998378873,-14.324282203893723,-14.365492901692864,0.40233099998263494,37
11.421707725524902,0.3976790474720221,1.3725105762481689,0.2217018277245789,False,21,2,4,"{'bootstrap': False, 'max_depth': 21, 'min_samples_leaf': 2, 'min_samples_split': 4}",-9.650940967728285,-9.978012240769548,-10.224842907451348,-9.894774290462914,-9.959739298033435,-9.941661940889105,0.18360649823135944,10,-13.959535429129764,-14.767422608851597,-14.878153268210353,-13.898070998378873,-14.324282203893723,-14.365492901692864,0.40233099998263533,37
9.262885332107544,0.7982182840926135,2.276963138580322,0.6535650731694543,False,21,2,8,"{'bootstrap': False, 'max_depth': 21, 'min_samples_leaf': 2, 'min_samples_split': 8}",-9.713784776808707,-10.001066250662884,-10.23709569729491,-9.911144574362169,-9.961008567593609,-9.964819973344456,0.16814404993435586,31,-14.011750497519326,-14.746414796659716,-14.826501705164013,-13.874199257937063,-14.301183062476994,-14.352009863951423,0.38140805805191097,20
9.498784399032592,1.536022992903278,1.895107364654541,0.9830748416459125,False,21,3,2,"{'bootstrap': False, 'max_depth': 21, 'min_samples_leaf': 3, 'min_samples_split': 2}",-9.649186358382355,-10.023345372650214,-10.19391575285897,-9.885980764088435,-9.941659603832592,-9.938817570362513,0.17827286741238504,8,-13.94782012928825,-14.818529971477133,-14.816512764101686,-13.849783710682031,-14.334153888250764,-14.353360092759974,0.41214418008452053,23
9.626342487335204,0.3146357407945108,0.8814908504486084,0.3371754846026753,False,21,3,4,"{'bootstrap': False, 'max_depth': 21, 'min_samples_leaf': 3, 'min_samples_split': 4}",-9.649186358382357,-10.023345372650214,-10.19391575285897,-9.885980764088435,-9.941659603832592,-9.938817570362513,0.17827286741238446,8,-13.947820129288251,-14.818529971477133,-14.816512764101686,-13.849783710682031,-14.334153888250764,-14.353360092759974,0.4121441800845202,23
8.60508108139038,0.49117298038361773,2.0472131729125977,1.0960752527715312,False,21,3,8,"{'bootstrap': False, 'max_depth': 21, 'min_samples_leaf': 3, 'min_samples_split': 8}",-9.686110174630295,-9.967020283524107,-10.218613190232047,-9.890837011962242,-9.9235391077797,-9.93722395362568,0.170566630451204,5,-14.051635646184884,-14.678979276650965,-14.840145500094879,-13.872510268696313,-14.260422055918358,-14.340738549509078,0.3669013607488925,8
7.037585639953614,2.052448914133993,2.6102084636688234,0.8635810347630466,False,21,4,2,"{'bootstrap': False, 'max_depth': 21, 'min_samples_leaf': 4, 'min_samples_split': 2}",-9.732115799281774,-10.027171666231265,-10.264180741109739,-9.876271669035285,-9.913139206483526,-9.962575816428318,0.17784395304148393,26,-14.046176847801117,-14.782478534425127,-14.9006723708213,-13.804914134009492,-14.246261095222517,-14.356100596455912,0.42196694795161077,28
10.267436170578003,0.2801442296303463,1.0002620220184326,0.14928225197970954,False,21,4,4,"{'bootstrap': False, 'max_depth': 21, 'min_samples_leaf': 4, 'min_samples_split': 4}",-9.732115799281774,-10.027171666231265,-10.264180741109739,-9.876271669035283,-9.913139206483526,-9.962575816428318,0.1778439530414841,26,-14.046176847801117,-14.78247853442513,-14.9006723708213,-13.804914134009492,-14.246261095222517,-14.356100596455912,0.4219669479516111,28
8.863461017608643,0.9932159935618261,1.4437214374542235,0.36458008085230303,False,21,4,8,"{'bootstrap': False, 'max_depth': 21, 'min_samples_leaf': 4, 'min_samples_split': 8}",-9.732115799281774,-10.027171666231265,-10.26418074110974,-9.876271669035283,-9.913139206483526,-9.962575816428318,0.1778439530414847,26,-14.046176847801117,-14.782478534425127,-14.9006723708213,-13.804914134009492,-14.246261095222515,-14.356100596455912,0.4219669479516108,28
10.545523881912231,0.8796154310359231,2.3489734649658205,0.07536871274440324,False,22,1,2,"{'bootstrap': False, 'max_depth': 22, 'min_samples_leaf': 1, 'min_samples_split': 2}",-9.747533735976125,-10.045146682409472,-10.31870330167104,-9.97427483523675,-9.984158040692154,-10.013963319197108,0.18291370219892347,52,-14.01455354510598,-14.78293682237197,-14.916632650219457,-13.879958993347946,-14.259369153142922,-14.370690232837655,0.4118357066169363,43
16.033151388168335,0.16769554766878234,1.0802395820617676,0.14900674635453875,False,22,1,4,"{'bootstrap': False, 'max_depth': 22, 'min_samples_leaf': 1, 'min_samples_split': 4}",-9.803803177210115,-10.039914952882372,-10.276256851355917,-9.969976834742727,-9.999607367460555,-10.017911836730338,0.15211943977982434,58,-14.054442398662777,-14.723343456066061,-14.82881797392029,-13.86086497434361,-14.273824847855233,-14.348258730169595,0.37444541686866434,16
14.891640901565552,0.24016955995738748,0.9927791595458985,0.05592630445047202,False,22,1,8,"{'bootstrap': False, 'max_depth': 22, 'min_samples_leaf': 1, 'min_samples_split': 8}",-9.797071599829152,-10.106829139305034,-10.315975516139469,-9.92737494877233,-9.956938613150815,-10.020837963439359,0.17742068926810883,59,-14.030787775029655,-14.844591573822978,-14.915072520243678,-13.844283838299976,-14.253054866903808,-14.377558114860019,0.43062145073468033,46
7.907301616668701,2.002925750584774,0.6880199909210205,0.2666866450647507,False,22,2,2,"{'bootstrap': False, 'max_depth': 22, 'min_samples_leaf': 2, 'min_samples_split': 2}",-9.695876524780457,-9.996292549000787,-10.182809473916672,-9.881798329788772,-9.907804823068265,-9.932916340110989,0.15867869138349358,3,-13.9762317234475,-14.755477104419848,-14.787996726806194,-13.780308097763418,-14.25805825160216,-14.311614380807825,0.40536166795276113,4
11.178234243392945,3.184670953901388,0.4340257167816162,0.2579961589227089,False,22,2,4,"{'bootstrap': False, 'max_depth': 22, 'min_samples_leaf': 2, 'min_samples_split': 4}",-9.695876524780457,-9.996292549000792,-10.182809473916672,-9.881798329788772,-9.907804823068265,-9.932916340110992,0.158678691383494,4,-13.9762317234475,-14.75547710441985,-14.787996726806192,-13.780308097763418,-14.258058251602158,-14.311614380807821,0.40536166795276113,3
11.636105012893676,0.6377484989897403,0.7211130619049072,0.6035039777036054,False,22,2,8,"{'bootstrap': False, 'max_depth': 22, 'min_samples_leaf': 2, 'min_samples_split': 8}",-9.741052067783347,-10.025683721928688,-10.24468196887337,-9.871434863861284,-9.934896308835631,-9.963549786256465,0.16834924739183407,30,-14.003884106032855,-14.773711722517016,-14.8759452699004,-13.792034638528035,-14.282826611565211,-14.345680469708702,0.42230097792742133,14
12.102360153198243,0.0487409092773622,0.25115132331848145,0.05114521592960718,False,22,3,2,"{'bootstrap': False, 'max_depth': 22, 'min_samples_leaf': 3, 'min_samples_split': 2}",-9.708999677977687,-9.994869374839784,-10.248756893245563,-9.84622951242947,-9.92599999881631,-9.944971091461763,0.1792026572443194,12,-13.995242000535415,-14.816865903386981,-14.871646780154789,-13.838078779688855,-14.275300852448146,-14.359426863242836,0.4202692810263784,33
9.11649775505066,2.4622673826358765,1.4665849208831787,1.1718745220693134,False,22,3,4,"{'bootstrap': False, 'max_depth': 22, 'min_samples_leaf': 3, 'min_samples_split': 4}",-9.708999677977687,-9.994869374839785,-10.248756893245563,-9.84622951242947,-9.92599999881631,-9.944971091461763,0.17920265724431952,12,-13.995242000535413,-14.816865903386981,-14.871646780154789,-13.838078779688855,-14.275300852448146,-14.359426863242836,0.4202692810263787,33
10.862312841415406,0.8224951954383751,0.7601080894470215,0.7021270904486965,False,22,3,8,"{'bootstrap': False, 'max_depth': 22, 'min_samples_leaf': 3, 'min_samples_split': 8}",-9.685446786500432,-9.997482564516734,-10.244348380545576,-9.88093088494756,-9.921265449977868,-9.945894813297633,0.1813261812676991,14,-13.940566356964371,-14.769436463833244,-14.866847182790952,-13.842026662817103,-14.247120029913939,-14.333199339263922,0.41902356834171056,7
10.925442123413086,0.17908875428584684,0.7172783851623535,0.13554642311874898,False,22,4,2,"{'bootstrap': False, 'max_depth': 22, 'min_samples_leaf': 4, 'min_samples_split': 2}",-9.75028989947769,-10.003649833024156,-10.25870812042234,-9.876359645912284,-9.911920927807824,-9.960185685328858,0.16995135128026093,24,-14.09664000166895,-14.773570065282762,-14.883354306045153,-13.855289306748128,-14.220231835682734,-14.365817103085543,0.39708871741030005,39
8.192442178726196,2.3418083890424546,1.1190871238708495,0.7946840365034735,False,22,4,4,"{'bootstrap': False, 'max_depth': 22, 'min_samples_leaf': 4, 'min_samples_split': 4}",-9.75028989947769,-10.003649833024156,-10.25870812042234,-9.876359645912284,-9.911920927807824,-9.960185685328858,0.16995135128026093,24,-14.09664000166895,-14.77357006528276,-14.883354306045153,-13.855289306748128,-14.220231835682734,-14.365817103085543,0.3970887174102997,39
6.834095001220703,1.1763036680781815,2.219081449508667,0.2560935862662144,False,22,4,8,"{'bootstrap': False, 'max_depth': 22, 'min_samples_leaf': 4, 'min_samples_split': 8}",-9.75028989947769,-10.003649833024156,-10.258708120422337,-9.876359645912284,-9.911920927807822,-9.960185685328856,0.1699513512802604,23,-14.096640001668952,-14.773570065282762,-14.883354306045153,-13.85528930674813,-14.220231835682732,-14.365817103085543,0.3970887174102995,39
17.306910371780397,0.07386424337808874,0.47933688163757326,0.22630207810045894,False,23,1,2,"{'bootstrap': False, 'max_depth': 23, 'min_samples_leaf': 1, 'min_samples_split': 2}",-9.73112167812643,-10.024647166473901,-10.304130836593258,-9.966146579420132,-10.048649762816746,-10.014939204686094,0.1831914598879939,56,-14.001452934109194,-14.828015978293106,-14.943933440690666,-13.907809956494598,-14.386149977869302,-14.413472457491372,0.419389164330827,61
15.827036952972412,1.5460128287301125,0.3407124996185303,0.16898212618042463,False,23,1,4,"{'bootstrap': False, 'max_depth': 23, 'min_samples_leaf': 1, 'min_samples_split': 4}",-9.751144538221562,-10.098004368855316,-10.315813177428563,-9.979400321109587,-10.031464638589464,-10.035165408840898,0.18248462980011748,60,-14.020892009598263,-14.840155486199867,-14.891940736400711,-13.896488863307114,-14.327867665177951,-14.395468952136781,0.40941160097772183,59
9.816119289398193,1.418012692169975,0.1695608139038086,0.06419337784824648,False,23,1,8,"{'bootstrap': False, 'max_depth': 23, 'min_samples_leaf': 1, 'min_samples_split': 8}",-9.734185838004343,-10.098928304555676,-10.32641265049426,-9.97296261107414,-9.94178466959157,-10.014854814743998,0.19493892071697763,55,-13.960246506982722,-14.797961558144763,-14.928882642341755,-13.856768250931587,-14.219628448563098,-14.352697481392784,0.4354125340830357,22
11.338947248458862,1.974544784552294,0.3619255542755127,0.49538251726457727,False,23,2,2,"{'bootstrap': False, 'max_depth': 23, 'min_samples_leaf': 2, 'min_samples_split': 2}",-9.694312402115305,-9.99934511975211,-10.247207506142802,-9.869919780700018,-10.023233519697548,-9.966803665681557,0.18248702106821527,32,-14.022915911013374,-14.759906480815498,-14.845457270644516,-13.855109247106373,-14.405597645638345,-14.377797311043622,0.3910574725820079,47
12.577390432357788,0.03809112855885606,0.142405366897583,0.03368467348592673,False,23,2,4,"{'bootstrap': False, 'max_depth': 23, 'min_samples_leaf': 2, 'min_samples_split': 4}",-9.694312402115305,-9.99934511975211,-10.247207506142804,-9.869919780700018,-10.023233519697548,-9.966803665681557,0.1824870210682158,32,-14.022915911013376,-14.759906480815498,-14.845457270644516,-13.855109247106373,-14.405597645638345,-14.377797311043622,0.3910574725820076,47
12.314974069595337,0.1651266691022541,0.16423182487487792,0.017731018871788594,False,23,2,8,"{'bootstrap': False, 'max_depth': 23, 'min_samples_leaf': 2, 'min_samples_split': 8}",-9.7617271958333,-9.998224787985903,-10.266796590384814,-9.91152173941795,-9.925774290922282,-9.97280892090885,0.16589067833795185,34,-14.070108059842186,-14.747978673060175,-14.895121116687164,-13.875313601444866,-14.248053206392,-14.367314931485277,0.3919451098490197,42
9.794243144989014,2.578321315614661,1.28322377204895,1.1598825173158394,False,23,3,2,"{'bootstrap': False, 'max_depth': 23, 'min_samples_leaf': 3, 'min_samples_split': 2}",-9.618727034436459,-9.95192819658017,-10.201343988302101,-9.852729774547884,-9.913626922333377,-9.907671183239998,0.18694659665683153,1,-13.927345695360636,-14.750018370144447,-14.812574186781942,-13.825534848714147,-14.237871995518006,-14.310669019303836,0.4080509747690787,1
11.65115442276001,0.2572690137932066,0.49847707748413084,0.13181325387102574,False,23,3,4,"{'bootstrap': False, 'max_depth': 23, 'min_samples_leaf': 3, 'min_samples_split': 4}",-9.618727034436459,-9.95192819658017,-10.201343988302101,-9.852729774547884,-9.913626922333377,-9.907671183239998,0.18694659665683153,1,-13.927345695360636,-14.750018370144447,-14.81257418678194,-13.825534848714147,-14.237871995518008,-14.310669019303836,0.4080509747690782,1
11.661038970947265,0.07104917837149594,0.3654438018798828,0.10997156317736034,False,23,3,8,"{'bootstrap': False, 'max_depth': 23, 'min_samples_leaf': 3, 'min_samples_split': 8}",-9.716993668592607,-10.00814357928406,-10.285363660664837,-9.863505699181587,-9.942695142547503,-9.96334035005412,0.1880352155852985,29,-13.991052603828342,-14.755912935463861,-14.904862233786837,-13.811768626776841,-14.286054548207641,-14.349930189612703,0.4231459914585948,18
9.403065395355224,2.90019779341839,0.697069787979126,0.718626063940012,False,23,4,2,"{'bootstrap': False, 'max_depth': 23, 'min_samples_leaf': 4, 'min_samples_split': 2}",-9.789665566593062,-10.000269352312836,-10.272258146511819,-9.873284168341353,-9.970400801969598,-9.981175607145733,0.16341748404296508,37,-14.114968239854404,-14.752160229952839,-14.934467185232945,-13.823425727875536,-14.317292435011892,-14.388462763585522,0.4073151107937588,53
9.977917098999024,0.7884042538030849,1.7714318752288818,0.2586408477241096,False,23,4,4,"{'bootstrap': False, 'max_depth': 23, 'min_samples_leaf': 4, 'min_samples_split': 4}",-9.789665566593062,-10.000269352312836,-10.272258146511819,-9.873284168341353,-9.970400801969598,-9.981175607145733,0.16341748404296508,37,-14.114968239854404,-14.752160229952837,-14.934467185232945,-13.823425727875536,-14.317292435011892,-14.388462763585522,0.40731511079375843,53
12.119963932037354,0.6848967782168326,0.6919529438018799,0.45526062824058905,False,23,4,8,"{'bootstrap': False, 'max_depth': 23, 'min_samples_leaf': 4, 'min_samples_split': 8}",-9.789665566593062,-10.000269352312836,-10.272258146511819,-9.873284168341353,-9.970400801969596,-9.981175607145733,0.1634174840429651,37,-14.114968239854404,-14.752160229952839,-14.934467185232945,-13.823425727875536,-14.317292435011892,-14.388462763585522,0.4073151107937588,53
12.113653564453125,0.2845286253020094,1.1139912128448486,0.5808824212474262,False,24,1,2,"{'bootstrap': False, 'max_depth': 24, 'min_samples_leaf': 1, 'min_samples_split': 2}",-9.75064624155902,-10.033261741898581,-10.28700694329271,-10.027085262853728,-9.983563576115966,-10.016312753144001,0.1704874562771472,57,-14.034228007424058,-14.80222339450906,-14.87061807441203,-13.927189911223525,-14.251537104745832,-14.377159298462903,0.38988108563745094,45
12.679718160629273,0.43872634801367805,1.5316288471221924,0.13137926879653855,False,24,1,4,"{'bootstrap': False, 'max_depth': 24, 'min_samples_leaf': 1, 'min_samples_split': 4}",-9.715955088759152,-10.068879698458188,-10.298786476418886,-9.959656056242741,-9.952874060332636,-9.99923027604232,0.18896814999617875,49,-13.9405012731026,-14.813339549159064,-14.907668391287638,-13.889149347552594,-14.194758720198307,-14.349083456260042,0.43124140764550645,17
11.883887672424317,0.9038507741691556,0.8930861949920654,0.6638503295688141,False,24,1,8,"{'bootstrap': False, 'max_depth': 24, 'min_samples_leaf': 1, 'min_samples_split': 8}",-9.730745327478502,-10.054914537859318,-10.305858622123697,-9.93910875103778,-9.961926973350764,-9.998510842370013,0.1866597939978216,48,-13.959235098543562,-14.822234288402871,-14.91449173364782,-13.839308351860327,-14.2789464604506,-14.362843186581037,0.43803725331635535,36
11.391366004943848,0.5629857997346425,0.4158806800842285,0.14249443805084205,False,24,2,2,"{'bootstrap': False, 'max_depth': 24, 'min_samples_leaf': 2, 'min_samples_split': 2}",-9.747657229348727,-9.960683664999097,-10.224759337848802,-9.862873177254238,-9.962050826970408,-9.951604847284255,0.1576533280753514,17,-14.070198327086818,-14.71411562319394,-14.876246722406647,-13.803801102474752,-14.330016576638311,-14.358875670360092,0.3965207337096028,31
9.831030941009521,0.9576090270031755,1.488381814956665,0.8619196253991098,False,24,2,4,"{'bootstrap': False, 'max_depth': 24, 'min_samples_leaf': 2, 'min_samples_split': 4}",-9.747657229348725,-9.960683664999097,-10.224759337848806,-9.862873177254238,-9.962050826970408,-9.951604847284255,0.1576533280753531,17,-14.070198327086818,-14.71411562319394,-14.876246722406647,-13.803801102474752,-14.330016576638311,-14.358875670360092,0.3965207337096028,31
11.393976068496704,0.18039073791376822,0.4407165050506592,0.22847203773302704,False,24,2,8,"{'bootstrap': False, 'max_depth': 24, 'min_samples_leaf': 2, 'min_samples_split': 8}",-9.759543391736706,-9.967734502832485,-10.28540225167074,-9.942522753024468,-9.931415881288938,-9.977323756110668,0.1707344388799751,36,-14.053362453861457,-14.716647204596262,-14.892843845594289,-13.913639553797294,-14.23423836581868,-14.362146284733598,0.3795199549197254,35
11.200654649734497,0.2408173776665448,0.35120816230773927,0.1892142193915922,False,24,3,2,"{'bootstrap': False, 'max_depth': 24, 'min_samples_leaf': 3, 'min_samples_split': 2}",-9.663333139385593,-9.993455735864655,-10.217661290771604,-9.85292718234808,-9.96106767812324,-9.937689005298633,0.1813817405390173,6,-13.924093185825871,-14.76933450606323,-14.822575349021786,-13.82860216574963,-14.285525056581394,-14.326026052648382,0.41320805218921625,5
10.281936120986938,0.5864896321119812,1.0065190315246582,0.7966901920860544,False,24,3,4,"{'bootstrap': False, 'max_depth': 24, 'min_samples_leaf': 3, 'min_samples_split': 4}",-9.663333139385593,-9.993455735864655,-10.217661290771604,-9.85292718234808,-9.96106767812324,-9.937689005298633,0.1813817405390173,6,-13.924093185825871,-14.769334506063231,-14.822575349021786,-13.828602165749631,-14.285525056581392,-14.326026052648382,0.41320805218921625,5
10.994804620742798,0.18884108891018317,0.17738261222839355,0.08294014106894472,False,24,3,8,"{'bootstrap': False, 'max_depth': 24, 'min_samples_leaf': 3, 'min_samples_split': 8}",-9.693746704646689,-10.042500216412845,-10.271450338837791,-9.84335843784511,-9.911365271655036,-9.952484193879494,0.19513409270127835,19,-13.9861601168722,-14.792272479307298,-14.885926883030201,-13.827392796047636,-14.230922686960001,-14.344534992443467,0.4248177009088277,13
10.624306344985962,0.04422067172819845,0.18929696083068848,0.05450536994535846,False,24,4,2,"{'bootstrap': False, 'max_depth': 24, 'min_samples_leaf': 4, 'min_samples_split': 2}",-9.791309634522458,-10.06160881414859,-10.273985179532268,-9.86317474724084,-9.960558234695629,-9.990127322027956,0.16864438740646506,45,-14.091954795259687,-14.83872960274518,-14.920850738667657,-13.821290004448294,-14.29757834891643,-14.394080698007448,0.4251779080198863,56
9.868542337417603,1.9945623808116757,0.8829932689666748,1.4905164145407583,False,24,4,4,"{'bootstrap': False, 'max_depth': 24, 'min_samples_leaf': 4, 'min_samples_split': 4}",-9.791309634522458,-10.06160881414859,-10.273985179532266,-9.863174747240839,-9.960558234695625,-9.990127322027956,0.16864438740646484,45,-14.091954795259689,-14.83872960274518,-14.920850738667657,-13.821290004448294,-14.29757834891643,-14.394080698007448,0.4251779080198861,56
11.918513059616089,0.04397663426012417,0.2657820224761963,0.13546639554678125,False,24,4,8,"{'bootstrap': False, 'max_depth': 24, 'min_samples_leaf': 4, 'min_samples_split': 8}",-9.791309634522458,-10.06160881414859,-10.273985179532268,-9.863174747240839,-9.960558234695625,-9.990127322027956,0.16864438740646545,45,-14.091954795259687,-14.83872960274518,-14.920850738667657,-13.821290004448294,-14.29757834891643,-14.394080698007448,0.4251779080198863,56
11.709776067733765,0.09855459103183388,0.34494504928588865,0.12624862760786884,True,20,1,2,"{'bootstrap': True, 'max_depth': 20, 'min_samples_leaf': 1, 'min_samples_split': 2}",-9.986868878731826,-10.1980969661824,-10.442810933082727,-10.091918770933507,-10.075164042240095,-10.158971918234112,0.15699343717153194,109,-14.207788576506717,-14.701986524996979,-14.983708169904252,-13.990272858316867,-14.299918776344516,-14.436734981213865,0.35777132583546445,75
9.268391180038453,3.8342856740484645,0.5613596916198731,0.38660558837447717,True,20,1,4,"{'bootstrap': True, 'max_depth': 20, 'min_samples_leaf': 1, 'min_samples_split': 4}",-9.9686457490523,-10.228362585456846,-10.512569441210257,-10.18669848043118,-10.05989071787792,-10.191233394805701,0.18517675652754115,120,-14.168070035847615,-14.783635276847837,-15.111822534102632,-14.084172488098256,-14.227072000569018,-14.47495446709307,0.4022981738823464,115
7.385396909713745,0.7600600061639262,2.515768051147461,0.5776663719263224,True,20,1,8,"{'bootstrap': True, 'max_depth': 20, 'min_samples_leaf': 1, 'min_samples_split': 8}",-9.934622342423014,-10.224375280283395,-10.50227757921603,-10.144934348857017,-10.070084237171667,-10.175258757590225,0.18933614357212264,114,-14.098157951405552,-14.761895428245344,-15.085078732316548,-14.06904013306672,-14.21290455990067,-14.445415360986967,0.40635850056707234,82
9.700397253036499,0.40913939560144735,0.5097533702850342,0.4255606965737807,True,20,2,2,"{'bootstrap': True, 'max_depth': 20, 'min_samples_leaf': 2, 'min_samples_split': 2}",-9.907883723373995,-10.113961978200196,-10.442135807892306,-10.02426620239901,-10.046730522330469,-10.106995646839197,0.18027149613778773,65,-14.166375557022214,-14.74726755777297,-15.043778938546726,-13.941927203502345,-14.31015457068955,-14.441900765506762,0.3996876220408962,78
9.688260316848755,0.2707118379929063,0.2633641242980957,0.049628290838256824,True,20,2,4,"{'bootstrap': True, 'max_depth': 20, 'min_samples_leaf': 2, 'min_samples_split': 4}",-9.907883723373995,-10.113961978200196,-10.442135807892306,-10.02426620239901,-10.046730522330469,-10.106995646839197,0.18027149613778773,65,-14.166375557022212,-14.74726755777297,-15.043778938546726,-13.941927203502345,-14.31015457068955,-14.441900765506762,0.3996876220408964,78
7.042338037490845,0.3980140324369989,1.5350455284118651,0.5915442098653109,True,20,2,8,"{'bootstrap': True, 'max_depth': 20, 'min_samples_leaf': 2, 'min_samples_split': 8}",-9.899365056485586,-10.173475390587086,-10.456722549622938,-10.077478550858105,-9.99418789504554,-10.12024588851985,0.19108005034906195,77,-14.148492839781307,-14.780980471700632,-15.043853367365482,-14.00002088604756,-14.26251698289365,-14.447172909557725,0.397670110703964,87
7.316409301757813,0.8856672922958194,1.51316499710083,0.3728596699067147,True,20,3,2,"{'bootstrap': True, 'max_depth': 20, 'min_samples_leaf': 3, 'min_samples_split': 2}",-9.953392411849723,-10.107315428865991,-10.454822438594205,-10.079456982803594,-9.979999318543186,-10.11499731613134,0.17952372822698817,72,-14.225415032394649,-14.704451453929055,-15.03192484440572,-14.015758937028371,-14.250413448723009,-14.445592743296164,0.36935712996519615,83
8.86100001335144,0.30998087113202394,1.0545191764831543,0.3646252115637444,True,20,3,4,"{'bootstrap': True, 'max_depth': 20, 'min_samples_leaf': 3, 'min_samples_split': 4}",-9.953392411849723,-10.107315428865991,-10.454822438594205,-10.079456982803594,-9.979999318543186,-10.11499731613134,0.17952372822698817,72,-14.225415032394649,-14.704451453929055,-15.031924844405722,-14.015758937028371,-14.250413448723009,-14.445592743296164,0.36935712996519676,83
7.384694147109985,1.5761406595268184,1.3629056930541992,0.6232695287333959,True,20,3,8,"{'bootstrap': True, 'max_depth': 20, 'min_samples_leaf': 3, 'min_samples_split': 8}",-9.963226446895469,-10.11161007535106,-10.42696717435615,-10.087912099325663,-10.014861873590684,-10.120915533903805,0.1618373578032808,78,-14.283019589055202,-14.65185810435058,-15.05205500798785,-14.023922836742125,-14.266327581444795,-14.455436623916109,0.359507692981478,100
6.206498670578003,0.7760789843199085,1.6693503379821777,0.19158660382030013,True,20,4,2,"{'bootstrap': True, 'max_depth': 20, 'min_samples_leaf': 4, 'min_samples_split': 2}",-10.003317847574625,-10.194356746103374,-10.447803961829742,-10.081352520604803,-10.043321470957977,-10.154030509414104,0.16011366862432963,104,-14.25049963147591,-14.75343956933892,-15.073524474433258,-13.981733346719404,-14.316406676660524,-14.475120739725602,0.3884904931379392,116
7.69593243598938,0.7605562999344546,1.9129011154174804,0.63133857908904,True,20,4,4,"{'bootstrap': True, 'max_depth': 20, 'min_samples_leaf': 4, 'min_samples_split': 4}",-10.003317847574625,-10.194356746103374,-10.447803961829742,-10.081352520604803,-10.043321470957975,-10.154030509414104,0.16011366862432988,104,-14.25049963147591,-14.753439569338918,-15.07352447443326,-13.981733346719404,-14.316406676660524,-14.475120739725602,0.38849049313793954,116
7.187298822402954,2.1624190150387066,2.012139320373535,0.8314869050323476,True,20,4,8,"{'bootstrap': True, 'max_depth': 20, 'min_samples_leaf': 4, 'min_samples_split': 8}",-10.003317847574625,-10.194356746103374,-10.44780396182974,-10.081352520604803,-10.043321470957975,-10.154030509414103,0.16011366862432921,103,-14.25049963147591,-14.753439569338918,-15.073524474433258,-13.981733346719402,-14.316406676660524,-14.475120739725602,0.3884904931379395,116
11.080650520324706,0.5635817807911164,2.179999589920044,0.1901086513913794,True,21,1,2,"{'bootstrap': True, 'max_depth': 21, 'min_samples_leaf': 1, 'min_samples_split': 2}",-9.921246461912968,-10.243122628207091,-10.445472514961724,-10.097611959580938,-10.015692986624579,-10.14462931025746,0.1838165777336521,100,-14.08563381038575,-14.86897300949517,-14.977001016753363,-13.9350771969428,-14.252472346109835,-14.423831475937385,0.42113415519999897,65
10.183730792999267,0.7252072460016972,1.7984709739685059,1.0992442546795602,True,21,1,4,"{'bootstrap': True, 'max_depth': 21, 'min_samples_leaf': 1, 'min_samples_split': 4}",-9.898606441902038,-10.204040830307624,-10.444828655152126,-10.116483425942866,-10.07140122537787,-10.147072115736504,0.1790538097163127,102,-14.085751996204307,-14.824314746295336,-14.991029299150172,-14.004576119178568,-14.2707437183741,-14.435283175840496,0.39873629472218275,71
8.059122085571289,1.4959368910478126,0.6136556625366211,0.2534199524269123,True,21,1,8,"{'bootstrap': True, 'max_depth': 21, 'min_samples_leaf': 1, 'min_samples_split': 8}",-10.008301158706418,-10.196941630699508,-10.46909578280882,-10.055519535756723,-10.112632963422273,-10.168498214278747,0.16292091996533783,111,-14.226848316111864,-14.747134435843906,-15.041343668927805,-13.904594524556996,-14.312987123574548,-14.446581613803025,0.4009873104964821,86
5.914943742752075,1.1917366851953934,1.968858528137207,0.5363877788464168,True,21,2,2,"{'bootstrap': True, 'max_depth': 21, 'min_samples_leaf': 2, 'min_samples_split': 2}",-9.940907643715391,-10.188760404671442,-10.427200789426799,-10.121818001121666,-9.955271095156224,-10.126791586818305,0.17781039301242052,82,-14.224914615085028,-14.815809474505867,-15.0678571969137,-14.065436125085773,-14.168475620937324,-14.46849860650554,0.39791000882135924,111
7.900138664245605,0.5321920722864701,1.0770465850830078,0.3284860725777685,True,21,2,4,"{'bootstrap': True, 'max_depth': 21, 'min_samples_leaf': 2, 'min_samples_split': 4}",-9.940907643715391,-10.188760404671442,-10.427200789426799,-10.121818001121666,-9.955271095156224,-10.126791586818305,0.17781039301242052,82,-14.224914615085028,-14.815809474505865,-15.0678571969137,-14.065436125085773,-14.168475620937324,-14.46849860650554,0.39791000882135896,111
7.760867929458618,0.14187810995918881,0.7547684669494629,0.025101071693878593,True,21,2,8,"{'bootstrap': True, 'max_depth': 21, 'min_samples_leaf': 2, 'min_samples_split': 8}",-9.965309969895387,-10.256207432179606,-10.497254569654624,-10.121624761016236,-10.0186173647643,-10.17180281950203,0.1906126429982643,113,-14.206524903046011,-14.881815689209793,-15.100420389353427,-14.064725192759838,-14.255690401085182,-14.501835315090853,0.41025601593217126,120
5.544020318984986,1.10018430132695,1.9208906173706055,0.6552299997183102,True,21,3,2,"{'bootstrap': True, 'max_depth': 21, 'min_samples_leaf': 3, 'min_samples_split': 2}",-9.919672707013287,-10.167238982327127,-10.439443609445277,-10.112168349872348,-10.013795628160798,-10.130463855363768,0.1761817285522116,92,-14.18962049931328,-14.773939430709706,-15.04349469633083,-14.04499736297817,-14.237315373941625,-14.457873472654722,0.3831245546861286,102
7.581636667251587,0.11536231312474038,1.2203432083129884,0.17017606982439848,True,21,3,4,"{'bootstrap': True, 'max_depth': 21, 'min_samples_leaf': 3, 'min_samples_split': 4}",-9.919672707013287,-10.167238982327127,-10.439443609445277,-10.112168349872348,-10.0137956281608,-10.130463855363768,0.17618172855221137,92,-14.189620499313278,-14.773939430709706,-15.04349469633083,-14.04499736297817,-14.237315373941625,-14.457873472654722,0.3831245546861289,102
7.838529634475708,0.08970137588523938,0.7688657283782959,0.07815074285652089,True,21,3,8,"{'bootstrap': True, 'max_depth': 21, 'min_samples_leaf': 3, 'min_samples_split': 8}",-9.907369767213838,-10.15897543078812,-10.43548877061399,-10.080984391994429,-10.003788002862391,-10.117321272694554,0.17958587501817325,76,-14.220236504738715,-14.708959275519513,-15.049361564556666,-13.997268433988918,-14.255539649527933,-14.446273085666348,0.37994649742204556,85
6.264652729034424,1.283224956894899,1.2972108840942382,0.4856132046881891,True,21,4,2,"{'bootstrap': True, 'max_depth': 21, 'min_samples_leaf': 4, 'min_samples_split': 2}",-9.975195272936432,-10.23151185725761,-10.422209731017894,-10.062841595989289,-9.99501263696897,-10.137354218834039,0.16859246977294545,97,-14.212574962823227,-14.816511271958031,-15.031039348534412,-13.97719167079223,-14.1992743160073,-14.447318314023041,0.4036540629993547,88
6.6494087219238285,0.8593643913462754,1.7522897720336914,0.3043698569575218,True,21,4,4,"{'bootstrap': True, 'max_depth': 21, 'min_samples_leaf': 4, 'min_samples_split': 4}",-9.975195272936435,-10.23151185725761,-10.422209731017894,-10.062841595989289,-9.995012636968971,-10.13735421883404,0.16859246977294448,99,-14.212574962823227,-14.816511271958031,-15.031039348534412,-13.97719167079223,-14.1992743160073,-14.447318314023041,0.4036540629993547,88
7.813097953796387,0.09161822400683418,1.4381579875946044,0.12830326025940614,True,21,4,8,"{'bootstrap': True, 'max_depth': 21, 'min_samples_leaf': 4, 'min_samples_split': 8}",-9.975195272936435,-10.23151185725761,-10.422209731017896,-10.062841595989289,-9.99501263696897,-10.137354218834039,0.1685924697729454,97,-14.212574962823227,-14.816511271958031,-15.031039348534412,-13.97719167079223,-14.199274316007303,-14.447318314023041,0.40365406299935425,88
10.061324882507325,0.4093988096650543,1.9057814598083496,0.3011160950446933,True,22,1,2,"{'bootstrap': True, 'max_depth': 22, 'min_samples_leaf': 1, 'min_samples_split': 2}",-9.963031299544921,-10.217119505451153,-10.478494440077787,-10.089495763525674,-10.099474912343986,-10.169523184188705,0.17417157841252165,112,-14.173758464750078,-14.77125554618511,-15.072971567409244,-13.95748452148453,-14.290974167192454,-14.453288853404285,0.4087578047808114,97
8.921386289596558,0.4651367575683074,1.679673957824707,0.29287553553841855,True,22,1,4,"{'bootstrap': True, 'max_depth': 22, 'min_samples_leaf': 1, 'min_samples_split': 4}",-9.97042259207805,-10.198242757815988,-10.475936341365362,-10.152749893320339,-10.039751284457846,-10.167420573807515,0.17404302167760036,110,-14.170166636732203,-14.81084486690339,-15.033962797002475,-14.039942801147525,-14.168659791287071,-14.444715378614532,0.39917110634530645,81
8.582104587554932,0.10052566049928349,1.5132290840148925,0.1218444492099828,True,22,1,8,"{'bootstrap': True, 'max_depth': 22, 'min_samples_leaf': 1, 'min_samples_split': 8}",-9.977921605965976,-10.218611883256795,-10.5041832869021,-10.100760686457877,-9.98452577843654,-10.157200648203858,0.1945822942949856,106,-14.252347598850058,-14.740466795919843,-15.046352577108747,-13.956646420762654,-14.16778514734594,-14.43271970799745,0.4001559101607541,70
8.24033751487732,0.3601756570787394,1.686679983139038,0.1368851692090715,True,22,2,2,"{'bootstrap': True, 'max_depth': 22, 'min_samples_leaf': 2, 'min_samples_split': 2}",-9.877646098772738,-10.12540110306569,-10.398126612654192,-10.111466878243705,-10.012346240283525,-10.104997386603971,0.17126339487779696,63,-14.070712257102667,-14.6887556968118,-15.006779496080812,-14.073006633636261,-14.24380771319404,-14.416612359365114,0.37146533259860454,62
7.558037948608399,0.4540899986886954,1.5442042350769043,0.1980948052870615,True,22,2,4,"{'bootstrap': True, 'max_depth': 22, 'min_samples_leaf': 2, 'min_samples_split': 4}",-9.877646098772736,-10.12540110306569,-10.398126612654192,-10.111466878243705,-10.012346240283525,-10.104997386603971,0.17126339487779743,63,-14.070712257102667,-14.6887556968118,-15.006779496080812,-14.073006633636261,-14.24380771319404,-14.416612359365114,0.37146533259860454,62
7.147892618179322,0.5106451371324638,1.4643599033355712,0.04594851491118654,True,22,2,8,"{'bootstrap': True, 'max_depth': 22, 'min_samples_leaf': 2, 'min_samples_split': 8}",-9.921335017175409,-10.186472609498024,-10.425505874113394,-10.098802740997751,-10.04986328051193,-10.136395904459302,0.168074136693618,96,-14.176486891131347,-14.746633416821323,-15.007504437155449,-14.004885355188085,-14.310101001314305,-14.449122220322101,0.3718351587786139,96
6.897203636169434,0.7254824723654792,1.134059476852417,0.16399838896168809,True,22,3,2,"{'bootstrap': True, 'max_depth': 22, 'min_samples_leaf': 3, 'min_samples_split': 2}",-9.920290471684112,-10.178913317635597,-10.426498990346092,-10.003480819830303,-10.034611446458726,-10.112759009190965,0.17770879013823027,70,-14.204872129886034,-14.807846948991255,-15.040083621807343,-13.894630685414603,-14.295294799300052,-14.448545637079857,0.4168210626116146,91
5.726657056808472,0.3388510217414118,1.5452686309814454,0.2082759575928918,True,22,3,4,"{'bootstrap': True, 'max_depth': 22, 'min_samples_leaf': 3, 'min_samples_split': 4}",-9.920290471684112,-10.178913317635597,-10.426498990346092,-10.003480819830303,-10.034611446458726,-10.112759009190965,0.17770879013823027,70,-14.204872129886034,-14.807846948991255,-15.040083621807343,-13.894630685414603,-14.295294799300052,-14.448545637079857,0.4168210626116146,91
6.249505043029785,0.16118069074959085,1.6994471549987793,0.10945361759386733,True,22,3,8,"{'bootstrap': True, 'max_depth': 22, 'min_samples_leaf': 3, 'min_samples_split': 8}",-9.906052030135852,-10.151217685637576,-10.465736588989483,-10.055145106772281,-9.980925543403389,-10.111815390987717,0.19467664944797108,69,-14.174006274890726,-14.698820881762728,-15.06941455030552,-13.993108316138397,-14.224819928988834,-14.432033990417242,0.39486730436740675,69
6.871819305419922,0.39035876409746145,1.4069418907165527,0.3886350913485396,True,22,4,2,"{'bootstrap': True, 'max_depth': 22, 'min_samples_leaf': 4, 'min_samples_split': 2}",-9.933943693418922,-10.22671369929128,-10.404654782253463,-10.058218285653421,-10.013264091844269,-10.127358910492271,0.16850630516040216,85,-14.206742678299282,-14.794083835677105,-14.99471333536223,-13.9859614941407,-14.26306140580776,-14.448912549857415,0.3806710623192576,93
6.388573932647705,0.4542997913378882,1.0256689548492433,0.16204392981999663,True,22,4,4,"{'bootstrap': True, 'max_depth': 22, 'min_samples_leaf': 4, 'min_samples_split': 4}",-9.933943693418918,-10.226713699291277,-10.404654782253463,-10.058218285653421,-10.013264091844267,-10.127358910492267,0.168506305160403,84,-14.206742678299282,-14.794083835677105,-14.99471333536223,-13.9859614941407,-14.26306140580776,-14.448912549857415,0.3806710623192576,93
7.208916902542114,0.6331683630365339,2.3535797595977783,0.08650929044998253,True,22,4,8,"{'bootstrap': True, 'max_depth': 22, 'min_samples_leaf': 4, 'min_samples_split': 8}",-9.933943693418922,-10.22671369929128,-10.404654782253463,-10.058218285653421,-10.013264091844269,-10.127358910492271,0.16850630516040216,85,-14.206742678299282,-14.794083835677105,-14.99471333536223,-13.9859614941407,-14.26306140580776,-14.448912549857415,0.3806710623192576,93
12.09567732810974,0.28282046406878275,1.385487699508667,0.17074112163521865,True,23,1,2,"{'bootstrap': True, 'max_depth': 23, 'min_samples_leaf': 1, 'min_samples_split': 2}",-9.981746046634619,-10.181467185223433,-10.545854279249298,-10.21666349197636,-10.017484361993732,-10.188643073015488,0.20026890272193293,117,-14.183039613040526,-14.829666292519224,-15.10551751055931,-14.119505562374137,-14.212362871055133,-14.490018369909667,0.4007014293047582,119
11.656565618515014,0.19394176850520548,1.1850793361663818,0.08354226780509898,True,23,1,4,"{'bootstrap': True, 'max_depth': 23, 'min_samples_leaf': 1, 'min_samples_split': 4}",-10.012673289049733,-10.22723492234478,-10.47603824943582,-10.157843959047758,-10.074562181567874,-10.189670520289193,0.1606290385381557,119,-14.213220782117704,-14.79228044436663,-14.993136495757462,-14.047500924293976,-14.251272339447063,-14.459482197196568,0.36585958572521765,104
8.499990653991699,1.1260141415370244,1.7774625778198243,0.5827138477162971,True,23,1,8,"{'bootstrap': True, 'max_depth': 23, 'min_samples_leaf': 1, 'min_samples_split': 8}",-9.970445092197483,-10.21125529931816,-10.493007228321076,-10.163600772112533,-10.07875877184669,-10.183413432759187,0.17511375813345992,115,-14.20100032331799,-14.726675209531008,-15.017507369004937,-14.025506323740148,-14.245881014868111,-14.443314048092438,0.3693915418476725,80
9.068635082244873,0.6276195384265456,1.6799949169158936,0.5069272021466255,True,23,2,2,"{'bootstrap': True, 'max_depth': 23, 'min_samples_leaf': 2, 'min_samples_split': 2}",-9.903852413990165,-10.11832700723456,-10.41832034040694,-10.089914212707917,-10.005984856588208,-10.107279766185558,0.1725185144417317,67,-14.184490832162664,-14.70885509003333,-15.008062667164928,-14.048617110626008,-14.253514526790582,-14.440708045355503,0.36006057248303036,76
9.934570264816283,0.15087890866898226,1.0281897068023682,0.053687923197293555,True,23,2,4,"{'bootstrap': True, 'max_depth': 23, 'min_samples_leaf': 2, 'min_samples_split': 4}",-9.903852413990165,-10.11832700723456,-10.41832034040694,-10.089914212707917,-10.00598485658821,-10.10727976618556,0.17251851444173147,68,-14.184490832162664,-14.70885509003333,-15.00806266716493,-14.048617110626008,-14.253514526790582,-14.440708045355503,0.3600605724830309,76
8.733584260940551,0.834064403915342,1.0436066150665284,0.09825462273139689,True,23,2,8,"{'bootstrap': True, 'max_depth': 23, 'min_samples_leaf': 2, 'min_samples_split': 8}",-9.937258059843698,-10.173742739889432,-10.464442638432113,-10.096510983689647,-10.056397240544044,-10.145670332479787,0.17676303063848728,101,-14.222722171133173,-14.740439593884028,-15.086892975852976,-13.99749703992439,-14.307796217536179,-14.471069599666151,0.39099980469420836,113
6.737617921829224,0.6734470043047364,1.8900181293487548,0.37946804859471656,True,23,3,2,"{'bootstrap': True, 'max_depth': 23, 'min_samples_leaf': 3, 'min_samples_split': 2}",-9.95828886306249,-10.123466843350037,-10.43870404015058,-10.083892779008567,-10.042840068573284,-10.129438518828993,0.1640406865736737,90,-14.278944704507184,-14.731740260613368,-15.027058914737943,-13.993885640718212,-14.300659322170716,-14.466457768549486,0.36623029249764666,107
8.236581373214722,0.5347523148843193,1.3506940364837647,0.3994319516028586,True,23,3,4,"{'bootstrap': True, 'max_depth': 23, 'min_samples_leaf': 3, 'min_samples_split': 4}",-9.95828886306249,-10.12346684335004,-10.43870404015058,-10.083892779008568,-10.042840068573284,-10.129438518828993,0.16404068657367363,90,-14.278944704507186,-14.731740260613366,-15.027058914737944,-13.993885640718212,-14.300659322170716,-14.466457768549486,0.36623029249764677,107
8.471783018112182,0.13307869401492217,0.8048479080200195,0.1734503241577474,True,23,3,8,"{'bootstrap': True, 'max_depth': 23, 'min_samples_leaf': 3, 'min_samples_split': 8}",-9.875803551638043,-10.118443366525195,-10.437179537896057,-10.066382167601956,-10.000817725386758,-10.099725269809602,0.1872224083126316,62,-14.148290688033603,-14.650141655562827,-15.04474365010966,-13.971261723205515,-14.239515305643426,-14.410790604511007,0.38745643918198086,60
6.836163663864136,0.6682168772129484,1.4574843406677247,0.6517545100261128,True,23,4,2,"{'bootstrap': True, 'max_depth': 23, 'min_samples_leaf': 4, 'min_samples_split': 2}",-9.956938640031623,-10.173651953349665,-10.403920625898914,-10.11968648239609,-9.983789611873997,-10.127597462710058,0.16021437011228004,87,-14.171772378760732,-14.721233046223906,-15.004126575570748,-14.0367437117224,-14.242571461213178,-14.435289434698195,0.3662675500736713,72
7.172232627868652,0.4007690479693261,1.6732992649078369,0.3009773945590353,True,23,4,4,"{'bootstrap': True, 'max_depth': 23, 'min_samples_leaf': 4, 'min_samples_split': 4}",-9.956938640031623,-10.173651953349665,-10.403920625898914,-10.119686482396093,-9.983789611873997,-10.127597462710058,0.16021437011228004,87,-14.171772378760734,-14.721233046223908,-15.00412657557075,-14.0367437117224,-14.242571461213178,-14.435289434698195,0.3662675500736719,72
8.324621725082398,0.0792427011989337,1.0812584400177,0.0846670925327232,True,23,4,8,"{'bootstrap': True, 'max_depth': 23, 'min_samples_leaf': 4, 'min_samples_split': 8}",-9.956938640031623,-10.173651953349665,-10.403920625898914,-10.119686482396093,-9.983789611873997,-10.127597462710058,0.16021437011228004,87,-14.171772378760732,-14.721233046223908,-15.00412657557075,-14.0367437117224,-14.242571461213178,-14.435289434698195,0.3662675500736721,72
10.529700756072998,0.21795365504741046,1.9794301986694336,0.47357075824462463,True,24,1,2,"{'bootstrap': True, 'max_depth': 24, 'min_samples_leaf': 1, 'min_samples_split': 2}",-9.980462031694522,-10.237863481178664,-10.441566600944045,-10.104430661990655,-10.025578366613793,-10.157980228484336,0.16656115032974356,108,-14.231755257333,-14.82567528413698,-15.025722047114607,-13.992736838353519,-14.2285299900906,-14.460883883405739,0.394402036517378,105
9.653683853149413,0.3079663261365784,1.190071964263916,0.31810714906256304,True,24,1,4,"{'bootstrap': True, 'max_depth': 24, 'min_samples_leaf': 1, 'min_samples_split': 4}",-9.990426686149334,-10.207917185046096,-10.498727610048963,-10.160605252971513,-10.085996973577421,-10.188734741558665,0.1715435493343685,118,-14.202648269838958,-14.760079253935434,-15.034897533886198,-14.020162197951278,-14.302756533535163,-14.464108757829404,0.375468517063731,106
9.042029285430909,0.06975862862330488,0.9209000587463378,0.07173254961007546,True,24,1,8,"{'bootstrap': True, 'max_depth': 24, 'min_samples_leaf': 1, 'min_samples_split': 8}",-9.973294398389246,-10.224115918913007,-10.512415781864416,-10.17193292802679,-10.035905821815433,-10.183532969801778,0.18758436636891615,116,-14.135016404666613,-14.81607770469138,-15.02281110555537,-14.053773767844792,-14.259486222044066,-14.457433040960444,0.38842105761613366,101
6.993761825561523,1.1088832757901097,1.4107945919036866,0.4395535726688336,True,24,2,2,"{'bootstrap': True, 'max_depth': 24, 'min_samples_leaf': 2, 'min_samples_split': 2}",-9.860009558827855,-10.184740959718159,-10.410148197733617,-10.048735046482127,-10.079897592399123,-10.116706271032175,0.1803358264222089,74,-14.116409496187218,-14.831998693183664,-15.008227611007287,-13.958126366289115,-14.35179889859418,-14.45331221305229,0.40505603701210113,98
7.828437280654907,0.33301064225649846,1.1837509632110597,0.3224881521264488,True,24,2,4,"{'bootstrap': True, 'max_depth': 24, 'min_samples_leaf': 2, 'min_samples_split': 4}",-9.860009558827855,-10.184740959718159,-10.410148197733617,-10.048735046482127,-10.07989759239912,-10.116706271032175,0.180335826422209,74,-14.116409496187218,-14.831998693183666,-15.008227611007287,-13.958126366289115,-14.35179889859418,-14.453312213052294,0.40505603701210147,99
7.768378973007202,0.12993136084236023,0.9369044303894043,0.03700411923630649,True,24,2,8,"{'bootstrap': True, 'max_depth': 24, 'min_samples_leaf': 2, 'min_samples_split': 8}",-9.940389891969891,-10.188006737344374,-10.456447946413073,-10.162168276987497,-10.04042813917801,-10.15748819837857,0.17387636262977305,107,-14.174761701281234,-14.794212472460007,-15.040559884912852,-14.08292435215691,-14.276064519885033,-14.473704586139206,0.37554969588830883,114
7.474683523178101,0.34135979724084403,0.9621978282928467,0.2769938097605972,True,24,3,2,"{'bootstrap': True, 'max_depth': 24, 'min_samples_leaf': 3, 'min_samples_split': 2}",-10.004122341997117,-10.139100270492344,-10.433668497687703,-10.051908997183139,-10.050152797067803,-10.135790580885622,0.15520868699741336,94,-14.295799543973736,-14.747438610072166,-15.038053089465203,-13.964131286957112,-14.296198853077257,-14.468324276709094,0.37844372024227996,109
5.77561092376709,0.9595983489370206,1.5030283451080322,0.5594610967352102,True,24,3,4,"{'bootstrap': True, 'max_depth': 24, 'min_samples_leaf': 3, 'min_samples_split': 4}",-10.004122341997117,-10.139100270492344,-10.433668497687703,-10.051908997183139,-10.050152797067803,-10.135790580885622,0.15520868699741336,94,-14.295799543973736,-14.747438610072166,-15.038053089465203,-13.964131286957112,-14.296198853077257,-14.468324276709094,0.37844372024227996,109
7.246445751190185,0.2129114374626844,0.8447798728942871,0.1456040083633089,True,24,3,8,"{'bootstrap': True, 'max_depth': 24, 'min_samples_leaf': 3, 'min_samples_split': 8}",-9.853167575131673,-10.152202199681021,-10.447642112415831,-10.059582538397327,-9.965663699190738,-10.095651624963319,0.20203545482567103,61,-14.15586241801192,-14.672928049173002,-15.054507470591998,-13.985989094537114,-14.234024105170574,-14.420662227496923,0.38968995298982434,64
7.013782215118408,0.132605263919469,0.7179887294769287,0.08510471428987323,True,24,4,2,"{'bootstrap': True, 'max_depth': 24, 'min_samples_leaf': 4, 'min_samples_split': 2}",-9.946832617831918,-10.215286112293468,-10.397254750436476,-10.091001898774758,-9.97142939279776,-10.124360954426875,0.16658667873757968,79,-14.157082189082983,-14.772967945697294,-14.984416477772967,-14.014996809474486,-14.228862473474678,-14.43166517910048,0.3774013414744679,66
5.047044944763184,1.131378835520765,0.8671602249145508,0.3800310352264971,True,24,4,4,"{'bootstrap': True, 'max_depth': 24, 'min_samples_leaf': 4, 'min_samples_split': 4}",-9.946832617831918,-10.21528611229347,-10.397254750436476,-10.091001898774756,-9.97142939279776,-10.124360954426875,0.16658667873757999,79,-14.157082189082983,-14.772967945697294,-14.984416477772967,-14.014996809474486,-14.228862473474678,-14.43166517910048,0.3774013414744679,66
4.153667736053467,0.13359342633163743,0.08017168045043946,0.033250263593864286,True,24,4,8,"{'bootstrap': True, 'max_depth': 24, 'min_samples_leaf': 4, 'min_samples_split': 8}",-9.946832617831918,-10.215286112293468,-10.397254750436476,-10.091001898774758,-9.97142939279776,-10.124360954426875,0.16658667873757968,79,-14.157082189082985,-14.772967945697294,-14.984416477772967,-14.014996809474486,-14.228862473474678,-14.431665179100483,0.37740134147446763,68
