mean_fit_time,std_fit_time,mean_score_time,std_score_time,param_max_depth,param_min_samples_leaf,params,split0_test_MAE,split1_test_MAE,split2_test_MAE,split3_test_MAE,split4_test_MAE,mean_test_MAE,std_test_MAE,rank_test_MAE,split0_test_RMSE,split1_test_RMSE,split2_test_RMSE,split3_test_RMSE,split4_test_RMSE,mean_test_RMSE,std_test_RMSE,rank_test_RMSE
32.263125610351565,3.506644326362237,0.07000770568847656,0.011191751708188102,14,2,"{'max_depth': 14, 'min_samples_leaf': 2}",-10.24567896438605,-10.316430364437176,-10.79624413717437,-10.307198819316127,-10.523923869921992,-10.437895231047143,0.20228555275071305,9,-14.989688353386967,-14.708269561876289,-15.708439095900658,-14.75616792871508,-14.945898000925123,-15.021692588160823,0.3597574723531629,9
31.181417179107665,5.406531917099937,0.212648344039917,0.3122858859327712,14,4,"{'max_depth': 14, 'min_samples_leaf': 4}",-10.18381441560371,-10.31270106945885,-10.780526999786167,-10.221978367040947,-10.398670248532422,-10.379538220084418,0.21389630926898223,2,-14.9261407347349,-14.806940743698657,-15.65868737852438,-14.61399835157791,-14.797802649317346,-14.960713971570637,0.3629766414510278,4
30.844900035858153,5.582790478719015,0.05434298515319824,0.0049305760577283845,14,6,"{'max_depth': 14, 'min_samples_leaf': 6}",-10.290569885141164,-10.293944323223545,-10.814577508063191,-10.253757106182496,-10.448628393742625,-10.420295443270604,0.20822557306381434,8,-15.086965957215698,-14.698529270271315,-15.650472309076765,-14.620814838285877,-14.81939137874213,-14.975234750718357,0.3727991889878976,5
44.136807155609134,5.326565069387138,0.08230175971984863,0.025203722487399872,16,2,"{'max_depth': 16, 'min_samples_leaf': 2}",-10.142699308861463,-10.27952352200893,-10.833804490047465,-10.259913422784606,-10.499373017431411,-10.403062752226775,0.2442772631450489,6,-14.888465614189343,-14.754911131960881,-15.744673778867286,-14.701242789150516,-14.91947840844616,-15.00175434452284,0.3802030295788666,7
36.99304513931274,2.270591155540931,0.07421736717224121,0.013103638115555918,16,4,"{'max_depth': 16, 'min_samples_leaf': 4}",-10.176404227656745,-10.293019593523493,-10.698774515058325,-10.234983209164874,-10.516135252041474,-10.38386335948898,0.19499849733643812,5,-14.944805235450477,-14.754127411032089,-15.550592222400493,-14.626447817880509,-14.923698369212365,-14.959934211195186,0.3174865105391726,3
36.23183646202087,3.2624526562075236,0.12835340499877929,0.1052350089730622,16,6,"{'max_depth': 16, 'min_samples_leaf': 6}",-10.215051236442688,-10.277604348348415,-10.745636143178917,-10.245217107794293,-10.425750057585226,-10.381851778669908,0.19576777245203927,3,-14.98773860161473,-14.707585645354161,-15.554451266547174,-14.621157663939266,-14.717571918570558,-14.917701019205177,0.3413192726001879,1
40.72184047698975,2.9536506534139098,0.06999263763427735,0.009065415887338392,18,2,"{'max_depth': 18, 'min_samples_leaf': 2}",-10.089234948531765,-10.187558127451219,-10.885775916736844,-10.277308438819507,-10.476716489787695,-10.383318784265404,0.2818623890858588,4,-14.837822515144348,-14.699263191772388,-15.8254057977275,-14.79093444393044,-14.868372367217294,-15.004359663158393,0.4144823524522092,8
35.60830292701721,1.3301432392566295,0.06742272377014161,0.01556271851083456,18,4,"{'max_depth': 18, 'min_samples_leaf': 4}",-10.12802039012641,-10.173040114988453,-10.778385622199705,-10.153150141099989,-10.484244098066428,-10.343368073296196,0.2532411585686496,1,-14.901007809796548,-14.61927330094073,-15.662386043676312,-14.580363206087936,-14.835333699169544,-14.919672811934214,0.39101286108674305,2
29.956294345855714,1.3266688956374197,0.052416419982910155,0.006329116422981121,18,6,"{'max_depth': 18, 'min_samples_leaf': 6}",-10.143268996294886,-10.352824389788672,-10.8245557709721,-10.223337669915058,-10.54330082786613,-10.417457530967368,0.24437873407018756,7,-14.907850754581386,-14.80369861778912,-15.686009543356022,-14.659709405989688,-14.916977879967654,-14.994849240336773,0.35782468300151526,6
