mean_fit_time,std_fit_time,mean_score_time,std_score_time,param_colsample_bytree,param_max_depth,param_min_child_weight,param_subsample,params,split0_test_MAE,split1_test_MAE,split2_test_MAE,split3_test_MAE,split4_test_MAE,mean_test_MAE,std_test_MAE,rank_test_MAE,split0_test_RMSE,split1_test_RMSE,split2_test_RMSE,split3_test_RMSE,split4_test_RMSE,mean_test_RMSE,std_test_RMSE,rank_test_RMSE,split0_test_overestimation_rate,split1_test_overestimation_rate,split2_test_overestimation_rate,split3_test_overestimation_rate,split4_test_overestimation_rate,mean_test_overestimation_rate,std_test_overestimation_rate,rank_test_overestimation_rate,split0_test_mean_signed_error,split1_test_mean_signed_error,split2_test_mean_signed_error,split3_test_mean_signed_error,split4_test_mean_signed_error,mean_test_mean_signed_error,std_test_mean_signed_error,rank_test_mean_signed_error,split0_test_mean_overestimation,split1_test_mean_overestimation,split2_test_mean_overestimation,split3_test_mean_overestimation,split4_test_mean_overestimation,mean_test_mean_overestimation,std_test_mean_overestimation,rank_test_mean_overestimation,MAE,RMSE,overestimation_rate,mean_overestimation,mean_signed_error
33.960761594772336,1.930292107163865,0.944042158126831,0.13377310273748724,1.0,7,8,0.7,"{'colsample_bytree': 1.0, 'max_depth': 7, 'min_child_weight': 8, 'subsample': 0.7}",-8.945178985595703,-9.561781883239746,-9.303227424621582,-9.555594444274902,-9.288942337036133,-9.330945014953613,0.22587649059924417,5,-13.511150360107422,-14.902949333190918,-14.291765213012695,-14.003616333007812,-14.035970687866211,-14.149090385437011,0.4537809298237594,7,-0.45182724252491696,-0.38449894035725096,-0.45861027190332326,-0.40765290750225974,-0.46775165762507537,-0.4340682039825653,0.0322711988669814,5,0.007406130084293697,-1.549662198118534,0.25190444858772876,-1.761968519545095,0.3774214563795858,-0.534979736522404,0.9253028755401548,5,-9.907089149723836,-10.418910222760159,-10.417485379713327,-9.559145472684968,-10.332794706653996,-10.127084986307258,0.34139839056852256,3,9.330945014953613,14.149090385437011,0.4340682039825653,10.127084986307258,-0.534979736522404
31.02528772354126,2.207603666113997,0.843306303024292,0.06601451322166269,1.0,7,12,0.7,"{'colsample_bytree': 1.0, 'max_depth': 7, 'min_child_weight': 12, 'subsample': 0.7}",-8.866217613220215,-9.553207397460938,-9.298849105834961,-9.490972518920898,-9.3063325881958,-9.303115844726562,0.24031002142280197,1,-13.438920021057129,-14.922261238098145,-14.274584770202637,-13.945511817932129,-14.182591438293457,-14.1527738571167,0.4817432237878716,8,-0.4373301117487164,-0.3835906751438087,-0.45861027190332326,-0.4046399517927087,-0.4755877034358047,-0.4319517428048723,0.03384797742844739,3,-0.019198038191395345,-1.5259495988790461,0.4054260800567278,-1.7442398686113487,0.5005112902203495,-0.4766900270809426,0.9643628373883877,2,-10.114807550337433,-10.463312086420634,-10.580089587948931,-9.572378376350416,-10.310237266005256,-10.208164973412533,0.3540584489986368,6,9.303115844726562,14.1527738571167,0.4319517428048723,10.208164973412533,-0.4766900270809426
31.06775360107422,3.1133235138048603,0.8364854335784913,0.11312100113742254,1.0,7,16,0.7,"{'colsample_bytree': 1.0, 'max_depth': 7, 'min_child_weight': 16, 'subsample': 0.7}",-8.862154960632324,-9.541238784790039,-9.354952812194824,-9.503678321838379,-9.256330490112305,-9.303671073913574,0.24341271220555066,2,-13.432005882263184,-14.9088716506958,-14.353954315185547,-13.933255195617676,-14.089620590209961,-14.143541526794433,0.4865006725565412,6,-0.4439746300211416,-0.3960036330608538,-0.4534743202416918,-0.40554383850557396,-0.4804098854731766,-0.4358812614604875,0.031203849655853412,8,-0.023382473651491886,-1.5566306377922066,0.24088635799387792,-1.872579911324715,0.4024259272363259,-0.5618561475076419,0.956217801424261,8,-9.95414127419595,-10.081483127873971,-10.580356069162319,-9.408475032311491,-10.052620018730723,-10.015415104454892,0.37337332963600167,1,9.303671073913574,14.143541526794433,0.4358812614604875,10.015415104454892,-0.5618561475076419
54.863095378875734,5.084386814656611,1.0703221797943114,0.39854157910600535,1.0,8,8,0.7,"{'colsample_bytree': 1.0, 'max_depth': 8, 'min_child_weight': 8, 'subsample': 0.7}",-8.953028678894043,-9.562934875488281,-9.343191146850586,-9.590206146240234,-9.423897743225098,-9.37465171813965,0.229388397513995,8,-13.492626190185547,-14.816826820373535,-14.275899887084961,-13.910367965698242,-14.21859359741211,-14.142862892150879,0.4369263136261622,5,-0.439444276653579,-0.37935210414774445,-0.4516616314199396,-0.40343476950888824,-0.4665461121157324,-0.4280877787691767,0.03208325676482079,2,-0.004453941518106118,-1.6036620389353207,0.37312728953055385,-1.8905530930279284,0.4038783455017175,-0.5443326876898167,0.9966738772531593,7,-10.181694862625443,-10.490614783402357,-10.75619206935865,-9.542624753922825,-10.532480493919486,-10.300721392645752,0.4209758061250627,9,9.37465171813965,14.142862892150879,0.4280877787691767,10.300721392645752,-0.5443326876898167
46.7830322265625,6.127479635867273,0.8566632270812988,0.08804599587815194,1.0,8,12,0.7,"{'colsample_bytree': 1.0, 'max_depth': 8, 'min_child_weight': 12, 'subsample': 0.7}",-9.005268096923828,-9.582356452941895,-9.350906372070312,-9.554786682128906,-9.374445915222168,-9.373552703857422,0.20619988670512207,7,-13.56511116027832,-14.866053581237793,-14.253037452697754,-13.953505516052246,-14.230338096618652,-14.173609161376953,0.4260802112697725,9,-0.44125641800060406,-0.40054495912806537,-0.45045317220543807,-0.4040373606507984,-0.47498493068113323,-0.43425536813320786,0.028354190070797067,6,-0.08250049784514019,-1.4872804395978536,0.31326000215063643,-1.7972281389132043,0.3639175118614637,-0.5379663124688195,0.9200399381643014,6,-10.110637083078474,-10.105077423025781,-10.727159783034258,-9.600050458572055,-10.251233647998214,-10.158831679141757,0.36027313225502866,5,9.373552703857422,14.173609161376953,0.43425536813320786,10.158831679141757,-0.5379663124688195
42.01101565361023,2.7726170004228563,0.785834550857544,0.0791941406683704,1.0,8,16,0.7,"{'colsample_bytree': 1.0, 'max_depth': 8, 'min_child_weight': 16, 'subsample': 0.7}",-8.924581527709961,-9.533319473266602,-9.274311065673828,-9.54462718963623,-9.31058120727539,-9.317484092712402,0.22559383132331046,3,-13.48840618133545,-14.89378547668457,-14.203185081481934,-13.955507278442383,-14.137639045715332,-14.135704612731933,0.45402869745386637,4,-0.4376321353065539,-0.3908567968513473,-0.4634441087613293,-0.41217234106658635,-0.4680530440024111,-0.4344316851976456,0.029585836697157208,7,-0.049143077527169766,-1.5318462819034697,0.49536447787032745,-1.82945140261505,0.45487210470251177,-0.49204083589457,0.9937438487471102,3,-10.14029597104871,-10.235811133572499,-10.540295534739283,-9.359162905454983,-10.431993883143912,-10.141511885591878,0.41578165978510073,4,9.317484092712402,14.135704612731933,0.4344316851976456,10.141511885591878,-0.49204083589457
65.98422846794128,6.347224306061234,0.4982738018035889,0.4227120667817279,1.0,9,8,0.7,"{'colsample_bytree': 1.0, 'max_depth': 9, 'min_child_weight': 8, 'subsample': 0.7}",-9.008757591247559,-9.513570785522461,-9.343402862548828,-9.529446601867676,-9.429301261901855,-9.364895820617676,0.19006612077477975,6,-13.5131254196167,-14.77370834350586,-14.158740997314453,-13.86221981048584,-14.161514282226562,-14.093861770629882,0.41518435570700857,1,-0.4397463002114165,-0.3814713896457766,-0.456797583081571,-0.40373606507984333,-0.4526823387582881,-0.4268867353553791,0.02940730363374217,1,-0.15699255202337986,-1.4784628404763984,0.3314820337781733,-1.863291580763144,0.2558072926819037,-0.582291529360569,0.9123985018493593,9,-10.064626877206367,-10.531730864066926,-10.58990405156972,-9.494018425525569,-10.697466187918193,-10.275549281257355,0.44670807919864475,8,9.364895820617676,14.093861770629882,0.4268867353553791,10.275549281257355,-0.582291529360569
53.96335015296936,2.5341193432458002,0.5143416404724122,0.2097076446928969,1.0,9,12,0.7,"{'colsample_bytree': 1.0, 'max_depth': 9, 'min_child_weight': 12, 'subsample': 0.7}",-9.030532836914062,-9.521401405334473,-9.34982967376709,-9.567835807800293,-9.516469955444336,-9.39721393585205,0.19771527284672386,9,-13.552081108093262,-14.842330932617188,-14.182186126708984,-13.859884262084961,-14.229963302612305,-14.13328914642334,0.43058798783162655,3,-0.44125641800060406,-0.3854072055706933,-0.4622356495468278,-0.40584513407652906,-0.46865581675708257,-0.4326800447903474,0.032237176921905836,4,-0.04439354252505612,-1.4728861681681635,0.5038052283880213,-1.7967473596410781,0.32537770834473545,-0.49696882672030823,0.9512587253693061,4,-10.182446059953833,-10.44157426711245,-10.65867133311976,-9.57395837425566,-10.500080525357623,-10.271346111959865,0.38093851461160866,7,9.39721393585205,14.13328914642334,0.4326800447903474,10.271346111959865,-0.49696882672030823
48.09565000534057,2.8907355220731743,0.42096843719482424,0.23501421816301282,1.0,9,16,0.7,"{'colsample_bytree': 1.0, 'max_depth': 9, 'min_child_weight': 16, 'subsample': 0.7}",-8.960219383239746,-9.532081604003906,-9.263404846191406,-9.521894454956055,-9.373416900634766,-9.330203437805176,0.2101037343257293,4,-13.540447235107422,-14.85532283782959,-14.136338233947754,-13.88259220123291,-14.17328929901123,-14.117597961425782,0.43267109549284843,2,-0.4439746300211416,-0.3884347562821677,-0.4652567975830816,-0.4251280506176559,-0.4692585895117541,-0.43841056480316015,0.02958812696018699,9,-0.008554435282500083,-1.4500557093810862,0.41437426068991695,-1.7276478412775218,0.4300899015107451,-0.46835876474808913,0.9324575583762112,1,-10.081279659879451,-10.403324544894351,-10.400469774820587,-9.166939575650183,-10.445739621161342,-10.099550635281183,0.4843087750053112,2,9.330203437805176,14.117597961425782,0.43841056480316015,10.099550635281183,-0.46835876474808913
