mean_fit_time,std_fit_time,mean_score_time,std_score_time,param_colsample_bytree,param_learning_rate,param_max_depth,param_min_child_weight,param_n_estimators,param_subsample,params,split0_test_MAE,split1_test_MAE,split2_test_MAE,split3_test_MAE,split4_test_MAE,mean_test_MAE,std_test_MAE,rank_test_MAE,split0_test_RMSE,split1_test_RMSE,split2_test_RMSE,split3_test_RMSE,split4_test_RMSE,mean_test_RMSE,std_test_RMSE,rank_test_RMSE,split0_test_overestimation_rate,split1_test_overestimation_rate,split2_test_overestimation_rate,split3_test_overestimation_rate,split4_test_overestimation_rate,mean_test_overestimation_rate,std_test_overestimation_rate,rank_test_overestimation_rate,split0_test_mean_signed_error,split1_test_mean_signed_error,split2_test_mean_signed_error,split3_test_mean_signed_error,split4_test_mean_signed_error,mean_test_mean_signed_error,std_test_mean_signed_error,rank_test_mean_signed_error,split0_test_mean_overestimation,split1_test_mean_overestimation,split2_test_mean_overestimation,split3_test_mean_overestimation,split4_test_mean_overestimation,mean_test_mean_overestimation,std_test_mean_overestimation,rank_test_mean_overestimation,MAE,RMSE,overestimation_rate,mean_overestimation,mean_signed_error
6.866209363937378,0.4534805800040518,0.11813473701477051,0.016518778354221192,0.7,0.05,3,1,500,0.8,"{'colsample_bytree': 0.7, 'learning_rate': 0.05, 'max_depth': 3, 'min_child_weight': 1, 'n_estimators': 500, 'subsample': 0.8}",-9.596649169921875,-10.410609245300293,-10.372330665588379,-10.36565113067627,-10.73355770111084,-10.295759582519532,0.37532944620732633,21,-13.624250411987305,-14.833297729492188,-14.593352317810059,-14.22571086883545,-14.801216125488281,-14.415565490722656,0.4510120004111221,2,-0.4829356689821806,-0.39660914320314866,-0.5006042296072507,-0.43115396203675804,-0.47799879445449067,-0.4578603596567657,0.038278739015535065,21,0.7161525858336076,-1.8037501209988724,1.116600226758335,-1.945190710755546,0.6061171131952924,-0.2620141811934366,1.3282373878175469,6,-10.677199180971241,-10.850556188662544,-11.47506441312067,-9.765027832112306,-11.861614931013063,-10.925892509175966,0.7200412435336039,11,10.295759582519532,14.415565490722656,0.4578603596567657,10.925892509175966,-0.2620141811934366
7.053482007980347,0.7939944197355253,0.1226508617401123,0.013706546235498357,0.7,0.05,3,1,500,1.0,"{'colsample_bytree': 0.7, 'learning_rate': 0.05, 'max_depth': 3, 'min_child_weight': 1, 'n_estimators': 500, 'subsample': 1.0}",-9.710816383361816,-10.286943435668945,-10.311034202575684,-10.452340126037598,-10.672714233398438,-10.286769676208497,0.31896011288380816,19,-13.650632858276367,-14.951605796813965,-14.561832427978516,-14.414011001586914,-14.771733283996582,-14.469963073730469,0.4485348564128578,4,-0.47780126849894294,-0.4072055706933091,-0.49788519637462236,-0.4299487797529376,-0.49035563592525616,-0.4606392902490136,0.03567049772847606,24,0.7474134807989374,-1.627275023621806,1.0810865062016015,-1.8899902035764233,0.7664123691164851,-0.18447057421624108,1.2934220404079841,2,-10.94412057246782,-10.633042496043954,-11.440509669546001,-9.957407072682479,-11.664112657473435,-10.927838493642739,0.605613458900098,12,10.286769676208497,14.469963073730469,0.4606392902490136,10.927838493642739,-0.18447057421624108
7.438812637329102,0.9096131565985978,0.11328158378601075,0.01759879677605956,0.7,0.05,3,5,500,0.8,"{'colsample_bytree': 0.7, 'learning_rate': 0.05, 'max_depth': 3, 'min_child_weight': 5, 'n_estimators': 500, 'subsample': 0.8}",-9.557153701782227,-10.421521186828613,-10.384422302246094,-10.353111267089844,-10.558101654052734,-10.254862022399902,0.3557991658641504,15,-13.612569808959961,-14.901447296142578,-14.581256866455078,-14.221152305603027,-14.598331451416016,-14.382951545715333,0.44141100159637686,1,-0.479009362730293,-0.3957008779897063,-0.49214501510574016,-0.4314552576077132,-0.4770946353224834,-0.45508102975118714,0.03609731982394797,18,0.6779274723347141,-1.7844044743948837,1.0428850713657254,-1.967477732705321,0.6389896611740893,-0.2784160004451352,1.3132397593222216,7,-10.683591432578176,-10.913694135474174,-11.60969510552387,-9.717848520299325,-11.734665028830909,-10.93189884454129,0.7266013336212559,13,10.254862022399902,14.382951545715333,0.45508102975118714,10.93189884454129,-0.2784160004451352
7.999590730667114,0.5885391493909932,0.1734858989715576,0.0499406749166769,0.7,0.05,3,5,500,1.0,"{'colsample_bytree': 0.7, 'learning_rate': 0.05, 'max_depth': 3, 'min_child_weight': 5, 'n_estimators': 500, 'subsample': 1.0}",-9.754338264465332,-10.37887191772461,-10.361682891845703,-10.379512786865234,-10.739986419677734,-10.322878456115722,0.3178255817845457,23,-13.692459106445312,-15.004247665405273,-14.611430168151855,-14.315314292907715,-14.861207008361816,-14.496931648254394,0.4654754396497885,6,-0.48021745696164303,-0.4056917953375719,-0.4963746223564955,-0.428141006327207,-0.4924653405666064,-0.46057804430990484,0.03673843478173089,23,0.7377796710635629,-1.5693354262160308,1.1018976909229448,-1.8779827032578336,0.7365165375034993,-0.1742248459967715,1.2758381718079592,1,-10.92433947429717,-10.857425409421992,-11.547307286332165,-9.928422320946098,-11.652091216330156,-10.981917141465516,0.6160298730577916,18,10.322878456115722,14.496931648254394,0.46057804430990484,10.981917141465516,-0.1742248459967715
24.44275269508362,0.7635372795934513,0.2127000331878662,0.03695666160828463,0.7,0.05,5,1,500,0.8,"{'colsample_bytree': 0.7, 'learning_rate': 0.05, 'max_depth': 5, 'min_child_weight': 1, 'n_estimators': 500, 'subsample': 0.8}",-9.388773918151855,-10.312426567077637,-10.133495330810547,-9.903193473815918,-10.646132469177246,-10.07680435180664,0.4210446093349949,5,-13.796473503112793,-15.176224708557129,-14.700265884399414,-14.015828132629395,-15.074566841125488,-14.552671813964844,0.5555202363338647,9,-0.4744790093627303,-0.3708749621556161,-0.48429003021148037,-0.4203073214823742,-0.49698613622664256,-0.44938749188776866,0.04716625066566559,14,0.6859786218733757,-2.1552526796907143,1.0651618650447565,-2.192258627556599,0.9022944107216083,-0.33881528192151456,1.5030904629545718,10,-10.616647354248297,-10.99720262293913,-11.561932690297523,-9.172972255945206,-11.618459758992048,-10.79344293648444,0.8910588278386404,3,10.07680435180664,14.552671813964844,0.44938749188776866,10.79344293648444,-0.33881528192151456
25.24209384918213,3.169928264804241,0.23240938186645507,0.10334119181154733,0.7,0.05,5,1,500,1.0,"{'colsample_bytree': 0.7, 'learning_rate': 0.05, 'max_depth': 5, 'min_child_weight': 1, 'n_estimators': 500, 'subsample': 1.0}",-9.578965187072754,-10.582001686096191,-10.226092338562012,-9.936923027038574,-10.675238609313965,-10.1998441696167,0.40678039413158146,12,-14.003013610839844,-15.44719123840332,-14.795135498046875,-14.134915351867676,-15.054672241210938,-14.68698558807373,0.547247973054504,15,-0.46481425551192995,-0.37117771722676357,-0.4882175226586103,-0.4245254594757457,-0.4951778179626281,-0.4487825545671355,0.04599036866561173,11,0.5793849498464446,-2.2146088006530356,0.9102213439174289,-2.0366205414883405,0.7050429428689016,-0.41131602110172005,1.404826422743254,15,-10.927321616417405,-11.271410320653029,-11.405074107250899,-9.304863158625341,-11.491105707268199,-10.879954982042973,0.8106356070365786,9,10.1998441696167,14.68698558807373,0.4487825545671355,10.879954982042973,-0.41131602110172005
27.496105003356934,2.748241568520627,0.2585498332977295,0.05719150973526126,0.7,0.05,5,5,500,0.8,"{'colsample_bytree': 0.7, 'learning_rate': 0.05, 'max_depth': 5, 'min_child_weight': 5, 'n_estimators': 500, 'subsample': 0.8}",-9.381014823913574,-10.373666763305664,-10.132246971130371,-9.965877532958984,-10.704537391662598,-10.111468696594239,0.4417396715244946,6,-13.831542015075684,-15.211040496826172,-14.664207458496094,-14.117049217224121,-15.031457901000977,-14.571059417724609,0.5259715493236973,10,-0.479613409845968,-0.37208598244020585,-0.4836858006042296,-0.4242241639047906,-0.4948764315852923,-0.4508971576760973,0.04638220502761533,15,0.6705520875826231,-2.142291682317533,0.9806651347691019,-2.111163690654798,0.8615349129251035,-0.3481406475391005,1.4556100331766977,11,-10.478821773457362,-11.061120548960734,-11.487738420722598,-9.257739793720908,-11.685818614100132,-10.794247830192347,0.8726281285064637,4,10.111468696594239,14.571059417724609,0.4508971576760973,10.794247830192347,-0.3481406475391005
26.82635169029236,2.7672042926249563,0.26246986389160154,0.06934779770608544,0.7,0.05,5,5,500,1.0,"{'colsample_bytree': 0.7, 'learning_rate': 0.05, 'max_depth': 5, 'min_child_weight': 5, 'n_estimators': 500, 'subsample': 1.0}",-9.493487358093262,-10.489696502685547,-10.2848539352417,-9.953668594360352,-10.706779479980469,-10.185697174072265,0.42585587133544667,11,-14.02186393737793,-15.35611343383789,-14.839962005615234,-14.095694541931152,-15.09235954284668,-14.681198692321777,0.5342857610248566,14,-0.4693446088794926,-0.37723281864971236,-0.4981873111782477,-0.4230189816209702,-0.4936708860759494,-0.45229092128087445,0.046043834711734746,16,0.745158452019703,-2.1984441444670257,1.1252982500574784,-2.013621034195496,0.876455828010662,-0.2930305297149356,1.4864874003921789,9,-10.907385743339397,-10.989570539701807,-11.451669340118485,-9.384977711889988,-11.73173860954496,-10.893068388918929,0.8123124895667797,10,10.185697174072265,14.681198692321777,0.45229092128087445,10.893068388918929,-0.2930305297149356
91.33851690292359,2.572559819237427,0.7337692260742188,0.22983120593527873,0.7,0.05,7,1,500,0.8,"{'colsample_bytree': 0.7, 'learning_rate': 0.05, 'max_depth': 7, 'min_child_weight': 1, 'n_estimators': 500, 'subsample': 0.8}",-9.540942192077637,-10.324052810668945,-10.262450218200684,-9.985213279724121,-10.519770622253418,-10.126485824584961,0.33911981360576676,8,-14.255180358886719,-14.836466789245605,-14.98802375793457,-14.216914176940918,-15.000547409057617,-14.659426498413087,0.3506893198255988,13,-0.46179401993355484,-0.37117771722676357,-0.48308157099697885,-0.3892738776739982,-0.4972875226039783,-0.44052294168705475,0.05083530281771666,6,0.6370794817746783,-2.5479354233360594,1.1897385921745682,-2.361187346526552,1.055507192283761,-0.4053595007259208,1.6841046641770534,12,-11.020088742787422,-10.474924737001126,-11.853265447540906,-9.792624772108239,-11.638415654157146,-10.955863870718968,0.7562749516184333,15,10.126485824584961,14.659426498413087,0.44052294168705475,10.955863870718968,-0.4053595007259208
89.75666470527649,2.468414810631551,0.6543320655822754,0.2288144459936776,0.7,0.05,7,1,500,1.0,"{'colsample_bytree': 0.7, 'learning_rate': 0.05, 'max_depth': 7, 'min_child_weight': 1, 'n_estimators': 500, 'subsample': 1.0}",-9.675938606262207,-10.41854476928711,-10.363675117492676,-10.065889358520508,-10.758479118347168,-10.256505393981934,0.3641735840826455,16,-14.414629936218262,-15.162067413330078,-15.21638298034668,-14.375570297241211,-15.329827308654785,-14.899695587158202,0.415725674757586,21,-0.45665961945031713,-0.37420526793823794,-0.47764350453172205,-0.3977101536607412,-0.49909584086799275,-0.4410628772898022,0.047536562962346325,7,0.5630972039227902,-2.5170186049164767,1.3011329619703516,-2.270808332626918,0.8868445559096595,-0.40735044314811863,1.6406584004902844,13,-11.210795816881632,-10.557743266333365,-12.210789256566013,-9.799952905275154,-11.666419486357753,-11.089140146282784,0.842678426407399,23,10.256505393981934,14.899695587158202,0.4410628772898022,11.089140146282784,-0.40735044314811863
79.64377493858338,3.707581448474996,0.531184196472168,0.048935571795031683,0.7,0.05,7,5,500,0.8,"{'colsample_bytree': 0.7, 'learning_rate': 0.05, 'max_depth': 7, 'min_child_weight': 5, 'n_estimators': 500, 'subsample': 0.8}",-9.533133506774902,-10.379033088684082,-10.224702835083008,-9.935588836669922,-10.521143913269043,-10.118720436096192,0.3513940339483848,7,-14.21593189239502,-15.116464614868164,-14.912657737731934,-14.237582206726074,-15.010636329650879,-14.698654556274414,0.3907183423889956,16,-0.45726366656599216,-0.36845292158643655,-0.48036253776435045,-0.38746610424826755,-0.5063291139240507,-0.4399748688178195,0.053301991457203476,5,0.6089925717700827,-2.5926574198109,1.299800014450831,-2.3650530243360355,0.9925340263082041,-0.4112767663235635,1.7038240070647437,14,-11.09002022217846,-10.566307681475688,-11.995628937629034,-9.769286479795145,-11.369757708849473,-10.958200205985559,0.7523443449860922,16,10.118720436096192,14.698654556274414,0.4399748688178195,10.958200205985559,-0.4112767663235635
66.36896100044251,8.00120112109608,0.4792290687561035,0.05468765699386048,0.7,0.05,7,5,500,1.0,"{'colsample_bytree': 0.7, 'learning_rate': 0.05, 'max_depth': 7, 'min_child_weight': 5, 'n_estimators': 500, 'subsample': 1.0}",-9.569184303283691,-10.633809089660645,-10.23143482208252,-9.948078155517578,-10.785743713378906,-10.233650016784669,0.44452347809255977,14,-14.410636901855469,-15.454323768615723,-15.007493019104004,-14.279102325439453,-15.37254524230957,-14.904820251464844,0.4831154283641185,22,-0.46058592570220475,-0.37904934907659704,-0.48217522658610273,-0.3934920156673697,-0.49668474984930683,-0.4423974533763162,0.04746562225715987,8,0.61397627324802,-2.5170711327503206,1.286408611726905,-2.308746088937073,0.7963176129353269,-0.42582294475542837,1.6386131581440433,17,-11.054571905292448,-10.70670330836274,-11.943628649309016,-9.70709996393227,-11.659368960566601,-11.014274557492616,0.7854648540111688,21,10.233650016784669,14.904820251464844,0.4423974533763162,11.014274557492616,-0.42582294475542837
13.607505273818969,1.8382633432410673,0.14070191383361816,0.052576954887363685,1.0,0.05,3,1,500,0.8,"{'colsample_bytree': 1.0, 'learning_rate': 0.05, 'max_depth': 3, 'min_child_weight': 1, 'n_estimators': 500, 'subsample': 0.8}",-9.84109878540039,-10.413549423217773,-10.25908374786377,-10.332820892333984,-10.618070602416992,-10.292924690246583,0.2557943529548432,20,-13.772351264953613,-15.004173278808594,-14.52519416809082,-14.324070930480957,-14.7446870803833,-14.474095344543457,0.4175561451402032,5,-0.4669284204167925,-0.4011504692703603,-0.4960725075528701,-0.4362759867429949,-0.4819168173598553,-0.45646884026857454,0.034039172494883335,20,0.6469176504867867,-1.7232351005641287,1.1155453499316539,-1.9103267114226736,0.6860286787605882,-0.23701402656155474,1.3016595818111663,4,-11.230860828608757,-10.831738589816498,-11.464683835813265,-9.652713574263272,-11.72826722508915,-10.981652810718188,0.7268301670885403,17,10.292924690246583,14.474095344543457,0.45646884026857454,10.981652810718188,-0.23701402656155474
9.885031127929688,0.945524042352009,0.13569879531860352,0.0347698298995061,1.0,0.05,3,1,500,1.0,"{'colsample_bytree': 1.0, 'learning_rate': 0.05, 'max_depth': 3, 'min_child_weight': 1, 'n_estimators': 500, 'subsample': 1.0}",-9.783496856689453,-10.399749755859375,-10.3607177734375,-10.319721221923828,-10.721139907836914,-10.316965103149414,0.30223197507794897,22,-13.799460411071777,-15.094633102416992,-14.654044151306152,-14.323390007019043,-14.861563682556152,-14.546618270874024,0.4514702455235104,7,-0.4714587737843552,-0.40448077505298213,-0.48670694864048336,-0.4317565531786683,-0.4783001808318264,-0.4545406462976631,0.03133852304635575,17,0.6711845892644368,-1.7735429380118368,0.9483113620959199,-1.8680215321344293,0.6075971085396318,-0.28289428204925554,1.2612510108666484,8,-11.087588563208241,-10.663309482132604,-11.617903826659989,-9.78757683131051,-11.84270563803815,-10.9998168682699,0.7325243975319804,19,10.316965103149414,14.546618270874024,0.4545406462976631,10.9998168682699,-0.28289428204925554
9.752664756774902,1.050309752294717,0.1307138442993164,0.01658360642160878,1.0,0.05,3,5,500,0.8,"{'colsample_bytree': 1.0, 'learning_rate': 0.05, 'max_depth': 3, 'min_child_weight': 5, 'n_estimators': 500, 'subsample': 0.8}",-9.732948303222656,-10.410369873046875,-10.214531898498535,-10.342937469482422,-10.663224220275879,-10.272802352905273,0.30695629412404635,17,-13.673440933227539,-14.973834991455078,-14.478649139404297,-14.347121238708496,-14.815790176391602,-14.457767295837403,0.45218418678547545,3,-0.47840531561461797,-0.3999394489857705,-0.49154078549848945,-0.43507080445917445,-0.4885473176612417,-0.45870073444385884,0.035689831218166254,22,0.7797078045697703,-1.7502354949649594,1.0886113948242182,-1.895516326430423,0.7922894158964778,-0.1970286412209832,1.3328875835780234,3,-10.987185778378537,-10.826807684807232,-11.49766599968964,-9.708100597448956,-11.72405772470972,-10.948763557006817,0.701137507074793,14,10.272802352905273,14.457767295837403,0.45870073444385884,10.948763557006817,-0.1970286412209832
11.478877973556518,1.82578415820085,0.17980351448059081,0.041522303304509144,1.0,0.05,3,5,500,1.0,"{'colsample_bytree': 1.0, 'learning_rate': 0.05, 'max_depth': 3, 'min_child_weight': 5, 'n_estimators': 500, 'subsample': 1.0}",-9.822504043579102,-10.407064437866211,-10.320302963256836,-10.34466552734375,-10.732007026672363,-10.325308799743652,0.2916504058888979,24,-13.840210914611816,-15.058579444885254,-14.594355583190918,-14.372564315795898,-14.897421836853027,-14.552626419067384,0.42815228123225396,8,-0.4781032920567804,-0.3996366939146231,-0.49033232628398793,-0.43567339560108465,-0.47769740807715494,-0.4562886231867262,0.03384558543629713,19,0.7947489100167198,-1.7985585824742376,0.9894314838725274,-1.855213884229436,0.6149493603203098,-0.25092854249882335,1.2923288335896406,5,-11.103513507623124,-10.770415695474455,-11.53272361409789,-9.742908940152015,-11.876720425103459,-11.005256436490187,0.7343019724994454,20,10.325308799743652,14.552626419067384,0.4562886231867262,11.005256436490187,-0.25092854249882335
28.347197580337525,1.5860935591058856,0.21831912994384767,0.04099681871137787,1.0,0.05,5,1,500,0.8,"{'colsample_bytree': 1.0, 'learning_rate': 0.05, 'max_depth': 5, 'min_child_weight': 1, 'n_estimators': 500, 'subsample': 0.8}",-9.355027198791504,-10.326823234558105,-10.191340446472168,-9.902996063232422,-10.490584373474121,-10.053354263305664,0.39881422030386,4,-13.763293266296387,-15.361709594726562,-14.891962051391602,-14.141677856445312,-14.929734230041504,-14.617675399780273,0.580128133315896,12,-0.4593778314708547,-0.3787465940054496,-0.49758308157099695,-0.419704730340464,-0.4897528631705847,-0.44903302011166996,0.04454786074368374,13,0.3875402395695907,-2.0913658606967274,0.9472073616915779,-2.197219071354752,0.7110334684653516,-0.4485607724649919,1.3963170696118483,22,-10.60408977419138,-10.871988606657817,-11.192650570768839,-9.179997306234188,-11.435990237254362,-10.656943299021316,0.7904813543666718,1,10.053354263305664,14.617675399780273,0.44903302011166996,10.656943299021316,-0.4485607724649919
29.727090883255006,1.693924365568277,0.19800171852111817,0.08747214176369615,1.0,0.05,5,1,500,1.0,"{'colsample_bytree': 1.0, 'learning_rate': 0.05, 'max_depth': 5, 'min_child_weight': 1, 'n_estimators': 500, 'subsample': 1.0}",-9.519586563110352,-10.493855476379395,-10.234207153320312,-9.909566879272461,-10.648435592651367,-10.161130332946778,0.40703199842872356,9,-13.959558486938477,-15.496285438537598,-14.840628623962402,-14.193068504333496,-15.07277774810791,-14.712463760375977,0.56520201838616,17,-0.45454545454545453,-0.37329700272479566,-0.49154078549848945,-0.4251280506176559,-0.4933694996986136,-0.4475761586170018,0.044943965429838445,9,0.24959607600881115,-2.2151186236586673,0.8056515963393576,-1.974774311162794,0.8645289865209574,-0.4540232551904671,1.359012993316644,23,-10.746100815696845,-11.088672802831134,-11.22985104057931,-9.332237959755577,-11.667689212426662,-10.812910366257906,0.7971681898582694,5,10.161130332946778,14.712463760375977,0.4475761586170018,10.812910366257906,-0.4540232551904671
30.50799889564514,3.7249574434220634,0.22502636909484863,0.044826277320924375,1.0,0.05,5,5,500,0.8,"{'colsample_bytree': 1.0, 'learning_rate': 0.05, 'max_depth': 5, 'min_child_weight': 5, 'n_estimators': 500, 'subsample': 0.8}",-9.289349555969238,-10.29745101928711,-10.168808937072754,-9.844380378723145,-10.600850105285645,-10.040167999267577,0.4470276489064213,3,-13.682037353515625,-15.33940315246582,-14.839249610900879,-14.001137733459473,-15.053567886352539,-14.583079147338868,0.6339623149802646,11,-0.46028390214436726,-0.38570996064184077,-0.4906344410876133,-0.419704730340464,-0.48613622664255574,-0.44849385217136817,0.040255219387773794,10,0.35135872073851837,-2.0070724839126384,1.0015286322728114,-2.1613385780734373,0.6713004459550064,-0.4288446526039479,1.3680162692785052,19,-10.472567000570573,-10.746907851455537,-11.383565163049443,-9.152913454403915,-11.593613171657825,-10.669913328227457,0.861241277334696,2,10.040167999267577,14.583079147338868,0.44849385217136817,10.669913328227457,-0.4288446526039479
27.69391026496887,1.6768075064623917,0.24939918518066406,0.10911465802299114,1.0,0.05,5,5,500,1.0,"{'colsample_bytree': 1.0, 'learning_rate': 0.05, 'max_depth': 5, 'min_child_weight': 5, 'n_estimators': 500, 'subsample': 1.0}",-9.606123924255371,-10.504502296447754,-10.191194534301758,-10.096892356872559,-10.74715805053711,-10.22917423248291,0.3876197665867906,13,-14.075800895690918,-15.645195960998535,-14.8301420211792,-14.361481666564941,-15.187365531921387,-14.819997215270996,0.5621530107715351,20,-0.46239806704922987,-0.3823796548592189,-0.4851963746223565,-0.42121120819523955,-0.4936708860759494,-0.44897123816039886,0.041702894383234636,12,0.418165299340484,-2.1258178024879557,0.756969014207447,-2.2203983515052057,0.9526338164636785,-0.44368960479631037,1.4226976724542069,21,-10.839458829822453,-10.955976352933279,-11.282198744363257,-9.349816003795686,-11.849789117782471,-10.85544780973943,0.830436002064932,8,10.22917423248291,14.819997215270996,0.44897123816039886,10.85544780973943,-0.44368960479631037
97.33846282958984,4.518174563598997,0.6059364318847656,0.1394104883768459,1.0,0.05,7,1,500,0.8,"{'colsample_bytree': 1.0, 'learning_rate': 0.05, 'max_depth': 7, 'min_child_weight': 1, 'n_estimators': 500, 'subsample': 0.8}",-9.422337532043457,-10.233400344848633,-10.085548400878906,-9.755998611450195,-10.5034761428833,-10.000152206420898,0.3764340486690726,2,-14.195683479309082,-15.40410327911377,-14.881367683410645,-14.205667495727539,-15.116488456726074,-14.760662078857422,0.48629592587150655,19,-0.4608879492600423,-0.36905843172873143,-0.4809667673716012,-0.3889725821030431,-0.49276672694394213,-0.43853049148147194,0.0500492080559386,2,0.37321058755481185,-2.2426625170803884,1.1262523345857454,-2.322998718534655,0.9289059303672855,-0.4274584766214401,1.5351124491025236,18,-10.626822019584214,-10.825844303690282,-11.65548247546449,-9.554658499500901,-11.60019705973634,-10.852600871595246,0.7667940187004736,7,10.000152206420898,14.760662078857422,0.43853049148147194,10.852600871595246,-0.4274584766214401
90.57662177085876,6.441918039238605,0.5862016201019287,0.19556733366999704,1.0,0.05,7,1,500,1.0,"{'colsample_bytree': 1.0, 'learning_rate': 0.05, 'max_depth': 7, 'min_child_weight': 1, 'n_estimators': 500, 'subsample': 1.0}",-9.565007209777832,-10.397255897521973,-10.213056564331055,-10.016197204589844,-10.628293991088867,-10.163962173461915,0.3613922501407402,10,-14.282683372497559,-15.6553373336792,-15.120291709899902,-14.397727012634277,-15.29404067993164,-14.950016021728516,0.5282387609446609,23,-0.46270009060706735,-0.3642143505903724,-0.48882175226586105,-0.38746610424826755,-0.49005424954792043,-0.43865130945189773,0.052722794944888594,3,0.4246908651444891,-2.4844637162974395,1.2097822448396296,-2.3091538499782054,0.9440947728722192,-0.4430099366838614,1.61608866040793,20,-10.795004138319362,-10.862823185976207,-11.684054103213718,-9.945442515667267,-11.807252613710741,-11.018915311377459,0.6768648495553458,22,10.163962173461915,14.950016021728516,0.43865130945189773,11.018915311377459,-0.4430099366838614
84.08819270133972,2.684585047923285,0.3240500450134277,0.09983000569066591,1.0,0.05,7,5,500,0.8,"{'colsample_bytree': 1.0, 'learning_rate': 0.05, 'max_depth': 7, 'min_child_weight': 5, 'n_estimators': 500, 'subsample': 0.8}",-9.36922836303711,-10.215646743774414,-10.127828598022461,-9.814657211303711,-10.473052024841309,-10.0000825881958,0.3791692656305016,1,-14.060949325561523,-15.409932136535645,-14.937206268310547,-14.13779067993164,-15.112580299377441,-14.73169174194336,0.5385046345541021,18,-0.4599818785865297,-0.38207689978807147,-0.4743202416918429,-0.3928894245254595,-0.48583484026522,-0.4390206569714247,0.043006239871992896,4,0.5214646602124291,-2.2444335831103093,0.9954119791257058,-2.275484915285108,0.8786238927872444,-0.4248835932540077,1.506481577359332,16,-10.75117753537094,-10.431424915271025,-11.725454122454497,-9.59452239282292,-11.682648893649096,-10.837045571913695,0.802506076958516,6,10.0000825881958,14.73169174194336,0.4390206569714247,10.837045571913695,-0.4248835932540077
45.75830855369568,15.958701421282251,0.16689682006835938,0.13124448203704572,1.0,0.05,7,5,500,1.0,"{'colsample_bytree': 1.0, 'learning_rate': 0.05, 'max_depth': 7, 'min_child_weight': 5, 'n_estimators': 500, 'subsample': 1.0}",-9.677536010742188,-10.511231422424316,-10.334390640258789,-10.02636432647705,-10.837934494018555,-10.27749137878418,0.39874293960237833,18,-14.549419403076172,-15.822038650512695,-15.20921802520752,-14.433977127075195,-15.52625560760498,-15.108181762695313,0.5406205670603206,24,-0.44820295983086683,-0.3796548592188919,-0.48308157099697885,-0.3856583308225369,-0.4912597950572634,-0.43757150318530763,0.04715069870077628,1,0.39820095137036193,-2.3863462117443364,1.1143147945162077,-2.4006510131222702,0.8612693746076283,-0.4826424208744816,1.577028940226564,24,-11.240149666748518,-10.70035753289811,-11.849660155395416,-9.886618562182411,-11.90734992507228,-11.116827168459348,0.7568406736362924,24,10.27749137878418,15.108181762695313,0.43757150318530763,11.116827168459348,-0.4826424208744816
