mean_fit_time,std_fit_time,mean_score_time,std_score_time,param_learning_rate,param_loss,param_max_depth,param_max_features,param_min_samples_leaf,param_n_estimators,param_subsample,params,split0_test_MAE,split1_test_MAE,split2_test_MAE,split3_test_MAE,split4_test_MAE,mean_test_MAE,std_test_MAE,rank_test_MAE,split0_test_RMSE,split1_test_RMSE,split2_test_RMSE,split3_test_RMSE,split4_test_RMSE,mean_test_RMSE,std_test_RMSE,rank_test_RMSE,split0_test_overestimation_rate,split1_test_overestimation_rate,split2_test_overestimation_rate,split3_test_overestimation_rate,split4_test_overestimation_rate,mean_test_overestimation_rate,std_test_overestimation_rate,rank_test_overestimation_rate,split0_test_mean_signed_error,split1_test_mean_signed_error,split2_test_mean_signed_error,split3_test_mean_signed_error,split4_test_mean_signed_error,mean_test_mean_signed_error,std_test_mean_signed_error,rank_test_mean_signed_error,split0_test_mean_overestimation,split1_test_mean_overestimation,split2_test_mean_overestimation,split3_test_mean_overestimation,split4_test_mean_overestimation,mean_test_mean_overestimation,std_test_mean_overestimation,rank_test_mean_overestimation,profile
458.811945438385,11.371251990002373,0.29787359237670896,0.0156344811251036,0.01,absolute_error,6,1.0,5,1200,0.6,"{'learning_rate': 0.01, 'loss': 'absolute_error', 'max_depth': 6, 'max_features': 1.0, 'min_samples_leaf': 5, 'n_estimators': 1200, 'subsample': 0.6}",-8.915778877391977,-9.321342043902249,-9.513733058424615,-9.326893184029068,-9.294808641104042,-9.27451116097039,0.19558372280875297,61,-13.617256406745925,-14.637886282605207,-14.71798086138823,-13.773563663985954,-14.22183816248895,-14.193705075442853,0.44311745358878585,64,-0.47780126849894294,-0.4211323039660914,-0.4933534743202417,-0.42121120819523955,-0.49819168173598555,-0.4623379873433002,0.03428084364129767,45,1.699462679084894,-0.19981368498357213,1.88938290492808,-0.21899713448030295,1.8272040668057348,0.9994477662709667,0.9889410424171368,13,-11.108427557994602,-10.829765697163332,-11.556740305786104,-10.81155471689998,-11.162382989971155,-11.093774253563033,0.27151715536218357,66,absolute_error
472.69770951271056,22.339651676149376,0.4100691318511963,0.12875703911399577,0.01,absolute_error,6,1.0,10,1200,0.6,"{'learning_rate': 0.01, 'loss': 'absolute_error', 'max_depth': 6, 'max_features': 1.0, 'min_samples_leaf': 10, 'n_estimators': 1200, 'subsample': 0.6}",-8.906000436239465,-9.2861355689762,-9.479538964814777,-9.299738665740055,-9.317356165564641,-9.257753960267028,0.1892299046086378,52,-13.65521287573169,-14.611232335673794,-14.70421391167363,-13.766620443408314,-14.288107619133706,-14.205077437124228,0.42792256406498264,70,-0.48655995167623073,-0.410535876475931,-0.4761329305135952,-0.42663452847243144,-0.5030138637733574,-0.4605754301823092,0.03570488359734824,29,1.6898888109938761,-0.23816557528243418,1.8497948570990668,-0.1739322753712509,1.8464817743667015,0.9948135183611919,0.982411904043861,14,-10.888575200989942,-11.019706817540749,-11.897238245728055,-10.695109961028976,-11.09694855742726,-11.119515756542997,0.4120138814238978,69,absolute_error
456.13299694061277,10.669110177007884,0.5197610855102539,0.2566583862383462,0.01,absolute_error,6,1.0,15,1200,0.6,"{'learning_rate': 0.01, 'loss': 'absolute_error', 'max_depth': 6, 'max_features': 1.0, 'min_samples_leaf': 15, 'n_estimators': 1200, 'subsample': 0.6}",-8.886903466834385,-9.252410628755065,-9.473654732535108,-9.276705111353683,-9.28920008005382,-9.235774803906413,0.19136581259063368,43,-13.66560554443336,-14.649680930630495,-14.737211163673615,-13.752036303938976,-14.30632911519997,-14.222172611575283,0.444050771443121,75,-0.48958018725460584,-0.4129579170451105,-0.4824773413897281,-0.43567339560108465,-0.5135623869801085,-0.4668502456541274,0.03693036575957892,69,1.6366313599923836,-0.23172946347161225,1.8068280693944083,-0.16810291700580818,1.8737886394001206,0.9834831376618984,0.9695396299922183,18,-10.747508886990571,-10.922034416763655,-11.69016846411606,-10.45347533991722,-10.868191482144416,-10.936275717986383,0.41034660277515955,34,absolute_error
489.56689324378965,30.304768741014353,0.2787437915802002,0.0186252480793502,0.01,absolute_error,6,1.0,20,1200,0.6,"{'learning_rate': 0.01, 'loss': 'absolute_error', 'max_depth': 6, 'max_features': 1.0, 'min_samples_leaf': 20, 'n_estimators': 1200, 'subsample': 0.6}",-8.859279033517971,-9.246192292105507,-9.421862703076282,-9.22371043815058,-9.255501154052782,-9.201309124180623,0.18497651624711953,27,-13.632178054700184,-14.671244196125519,-14.674537676895877,-13.731023348552819,-14.278814580572222,-14.197559571369325,0.44627344083950793,65,-0.47931138628813047,-0.4223433242506812,-0.486404833836858,-0.43748116902681533,-0.5033152501506932,-0.4657711927106357,0.03067554542729543,66,1.6848721142607999,-0.05754484628192567,1.8757411463924072,-0.15318978291815877,1.92701780465245,1.0553792872211143,0.9516562224435977,1,-10.9992704632311,-10.878172943926627,-11.613375385633962,-10.36675552848361,-11.108861648198792,-10.993287193894817,0.4009228947921567,44,absolute_error
604.4022918701172,26.62169536715706,0.7282222747802735,0.3190720654992631,0.01,absolute_error,7,1.0,5,1200,0.6,"{'learning_rate': 0.01, 'loss': 'absolute_error', 'max_depth': 7, 'max_features': 1.0, 'min_samples_leaf': 5, 'n_estimators': 1200, 'subsample': 0.6}",-8.860469800411414,-9.319933180820446,-9.471319349688255,-9.33589773370545,-9.389503418566171,-9.275424696638346,0.21410942490663123,62,-13.48212790708896,-14.584510716488957,-14.558088505963257,-13.661796779299598,-14.202709784847078,-14.09784673873757,0.45363196905680625,47,-0.4750830564784053,-0.4138661822585528,-0.4791540785498489,-0.41729436577282314,-0.4843279083785413,-0.4539451182876343,0.0314802058928846,11,1.470573947061969,-0.21317107622400025,1.797646609218485,-0.2944440341048017,1.7642673428054843,0.9049745577514272,0.9533105232161775,42,-10.872881706256953,-11.002061167330671,-11.759229925593097,-10.833424125983589,-11.514689292542363,-11.196457243541335,0.3720937343986863,77,absolute_error
605.8932658672333,20.91738880513571,0.46164588928222655,0.16937608144724828,0.01,absolute_error,7,1.0,10,1200,0.6,"{'learning_rate': 0.01, 'loss': 'absolute_error', 'max_depth': 7, 'max_features': 1.0, 'min_samples_leaf': 10, 'n_estimators': 1200, 'subsample': 0.6}",-8.830003567196997,-9.229794889368343,-9.427438261946959,-9.244728412600494,-9.363711646591959,-9.219135355540951,0.20807911172536775,36,-13.486406459721952,-14.540676532060559,-14.520416744926814,-13.607278975780646,-14.222577807407339,-14.07547130397946,0.44771288119261143,39,-0.4744790093627303,-0.40750832576445656,-0.48851963746223565,-0.42573064175956615,-0.4891500904159132,-0.4570775409529803,0.03394053667287355,18,1.5273273390815103,-0.2968471049309941,1.7964857174536315,-0.278954762670024,1.8185947034905607,0.9133211784849369,0.9861574435414711,40,-10.914424771065606,-10.96044819167777,-11.487689663517612,-10.529866505350048,-11.430342720139803,-11.06455437035017,0.3555594743958378,57,absolute_error
574.1105304718018,17.256183464785256,0.7091933727264405,0.32168430329177944,0.01,absolute_error,7,1.0,15,1200,0.6,"{'learning_rate': 0.01, 'loss': 'absolute_error', 'max_depth': 7, 'max_features': 1.0, 'min_samples_leaf': 15, 'n_estimators': 1200, 'subsample': 0.6}",-8.800043258064878,-9.177850604320705,-9.351807449515988,-9.238170350901372,-9.277775055905913,-9.169129343741771,0.19299867398347476,19,-13.522466544223269,-14.549421923095986,-14.489248721104163,-13.63877201120193,-14.195869912974969,-14.079155822520061,0.4258613444708031,40,-0.4850498338870432,-0.4178019981834696,-0.5006042296072507,-0.43296173546248873,-0.5060277275467149,-0.4684891049373935,0.036183321948652994,76,1.577972318085844,-0.21113232064445178,1.8848888972106332,-0.23977026276600694,1.7898021543715958,0.9603521572515229,0.9733324046085857,28,-10.69788591925126,-10.730822641660387,-11.223133647454771,-10.391680547154238,-10.935741865306962,-10.795852924165525,0.27543402635904596,8,absolute_error
546.4501280784607,17.972412597812394,0.3477645397186279,0.014533123571791694,0.01,absolute_error,7,1.0,20,1200,0.6,"{'learning_rate': 0.01, 'loss': 'absolute_error', 'max_depth': 7, 'max_features': 1.0, 'min_samples_leaf': 20, 'n_estimators': 1200, 'subsample': 0.6}",-8.765307089988827,-9.187353582212852,-9.359619709772323,-9.18858252338756,-9.232088389419465,-9.146590258956206,0.20074527688617447,9,-13.506853945058225,-14.562281468117169,-14.547589585532242,-13.63046361018085,-14.189131270203728,-14.087263975818445,0.4457489446913461,42,-0.48716399879190575,-0.41659097789887983,-0.5036253776435046,-0.44350708044591747,-0.5099457504520796,-0.47216663704645745,0.036199057178932924,80,1.5444236124636719,-0.21546787850902088,1.8930160220714465,-0.21556363933304243,1.8149467513354658,0.9642709736057042,0.9702151515325788,27,-10.581375807755805,-10.76821892417651,-11.171632955129837,-10.11598154761445,-10.83157878162673,-10.693757603260668,0.34622502967920255,4,absolute_error
659.9509249687195,18.42805437334681,0.6654914379119873,0.2690588067460845,0.01,absolute_error,8,1.0,5,1200,0.6,"{'learning_rate': 0.01, 'loss': 'absolute_error', 'max_depth': 8, 'max_features': 1.0, 'min_samples_leaf': 5, 'n_estimators': 1200, 'subsample': 0.6}",-8.875405596514724,-9.310649732744688,-9.48319121098299,-9.310006557139651,-9.377668542181913,-9.271384327912795,0.2078418120809213,58,-13.456243502096651,-14.521142920023653,-14.433274082958523,-13.56124067605744,-14.124252012897461,-14.019230638806743,0.43842598526489457,17,-0.4590758079130172,-0.41537995761429003,-0.4743202416918429,-0.4188008436275987,-0.4713682941531043,-0.44778902899997064,0.02560445730555631,5,1.4091272008810412,-0.2743433068125108,1.710104991519059,-0.3161071501929489,1.5541061080371144,0.8165775686863508,0.9128568011804343,66,-11.201344767163611,-10.877157479903055,-11.799302684803115,-10.737680622897878,-11.595789095085273,-11.242254929970587,0.40616588431130196,79,absolute_error
634.0593993663788,21.187309733852288,0.568615198135376,0.3099006659855948,0.01,absolute_error,8,1.0,10,1200,0.6,"{'learning_rate': 0.01, 'loss': 'absolute_error', 'max_depth': 8, 'max_features': 1.0, 'min_samples_leaf': 10, 'n_estimators': 1200, 'subsample': 0.6}",-8.872306711461578,-9.19448467778986,-9.35927108084246,-9.269022592359262,-9.358431885594245,-9.210703389609481,0.18004030393676385,31,-13.492225520119042,-14.444886429059586,-14.352659723186099,-13.584877615087528,-14.147444026806916,-14.004418662851833,0.3934708248719158,10,-0.46058592570220475,-0.4087193460490463,-0.4809667673716012,-0.4275384151852968,-0.4936708860759494,-0.45429626807681966,0.03192013277273455,12,1.4039698717296323,-0.20955139734163836,1.8227479218944935,-0.3068234030738053,1.66292319550628,0.8746532377429924,0.9350738900191962,52,-11.155656317031506,-10.991568379748324,-11.624523523573904,-10.481162476828198,-11.162654505217198,-11.083113040479827,0.3675430828565658,63,absolute_error
621.481021976471,12.93584630390351,0.5340675830841064,0.25126936591348503,0.01,absolute_error,8,1.0,15,1200,0.6,"{'learning_rate': 0.01, 'loss': 'absolute_error', 'max_depth': 8, 'max_features': 1.0, 'min_samples_leaf': 15, 'n_estimators': 1200, 'subsample': 0.6}",-8.811854733028932,-9.165836189572529,-9.370850330814054,-9.189958582016923,-9.283142082160424,-9.164328383518573,0.19061210063546793,16,-13.502400852949233,-14.472647843065253,-14.424731607265091,-13.549648549393645,-14.139898987103887,-14.017865567955422,0.41765777760601275,16,-0.46723044397463004,-0.4174992431123221,-0.49154078549848945,-0.4377824645977704,-0.4984930681133213,-0.46250920105930665,0.03097505295654383,48,1.4091173932463104,-0.18339097023946915,1.8266664831366617,-0.2791002451528567,1.6845641418767743,0.8915713605734841,0.9270501989101411,46,-10.937827637394093,-10.757438926561672,-11.390221467171747,-10.177267315915978,-11.000861321449642,-10.852723333698625,0.39583122656297165,15,absolute_error
611.1830502033233,13.40177085624763,0.43176445960998533,0.02580982101728984,0.01,absolute_error,8,1.0,20,1200,0.6,"{'learning_rate': 0.01, 'loss': 'absolute_error', 'max_depth': 8, 'max_features': 1.0, 'min_samples_leaf': 20, 'n_estimators': 1200, 'subsample': 0.6}",-8.743679643202405,-9.167975140527888,-9.294188255129388,-9.173125480232788,-9.215467894996276,-9.118887282817749,0.19297171720296546,5,-13.480590229190538,-14.523932816749324,-14.411915740299992,-13.532389701479724,-14.08232795779897,-14.00623128910371,0.43340738865049594,11,-0.48021745696164303,-0.4214350590372389,-0.49395770392749244,-0.43898764688159087,-0.504822182037372,-0.4678840097690674,0.0322145458743551,75,1.4483855409977977,-0.19536259426613406,1.825821170810301,-0.35625104260326873,1.7088673151897256,0.8862920780256843,0.958038019580977,50,-10.611926988958134,-10.645308635166156,-11.256034006073508,-10.042280802502528,-10.819983351461836,-10.675106756832433,0.3908488189004176,1,absolute_error
696.5722984313965,20.782922109489604,0.7648232936859131,0.16802614261645302,0.01,absolute_error,9,1.0,5,1200,0.6,"{'learning_rate': 0.01, 'loss': 'absolute_error', 'max_depth': 9, 'max_features': 1.0, 'min_samples_leaf': 5, 'n_estimators': 1200, 'subsample': 0.6}",-8.904124219730239,-9.37480695667891,-9.474373358272123,-9.422063682057148,-9.474227586875498,-9.329919160722785,0.21610127063989226,77,-13.427005714297298,-14.5655230348595,-14.374739755309298,-13.585017285311803,-14.167189236177679,-14.023895005191116,0.44404429428429004,20,-0.45756569012382964,-0.40750832576445656,-0.45861027190332326,-0.411268454353721,-0.46624472573839665,-0.4402394935767454,0.02539529540254284,1,1.2260788208480755,-0.2993985979156224,1.5243460222562584,-0.5419521082065824,1.4410590128803142,0.6700266299724887,0.8991356218909602,77,-11.069670715298614,-11.135242871097748,-11.991357427387662,-10.796003777879129,-11.705533593403292,-11.33956167701329,0.4401853335061107,80,absolute_error
673.3243450164795,17.279322947012098,0.8234175682067871,0.28106602969308214,0.01,absolute_error,9,1.0,10,1200,0.6,"{'learning_rate': 0.01, 'loss': 'absolute_error', 'max_depth': 9, 'max_features': 1.0, 'min_samples_leaf': 10, 'n_estimators': 1200, 'subsample': 0.6}",-8.87400364819417,-9.25867587508062,-9.373530929121097,-9.27729122207472,-9.414354259923885,-9.239571186878896,0.19179246631247762,46,-13.436953610404663,-14.517444345122806,-14.318474518907678,-13.528364718530328,-14.157574954026714,-13.991762429398438,0.43200146373497617,7,-0.46118997281787977,-0.4144716924008477,-0.46676737160120846,-0.42181379933714974,-0.48794454490657024,-0.45043747621273117,0.02793533372532908,7,1.2094266199028525,-0.2978212449349881,1.668691230646492,-0.573165186455458,1.4270120984531114,0.686828703522402,0.9318963661572593,76,-10.931970405261705,-10.809971820077072,-11.828399789265607,-10.317497968650116,-11.109219758213364,-10.999411948293572,0.49086071245053525,45,absolute_error
638.1708709716797,7.680315238059118,0.7506318092346191,0.2962353910036632,0.01,absolute_error,9,1.0,15,1200,0.6,"{'learning_rate': 0.01, 'loss': 'absolute_error', 'max_depth': 9, 'max_features': 1.0, 'min_samples_leaf': 15, 'n_estimators': 1200, 'subsample': 0.6}",-8.789136575163207,-9.175209768560512,-9.366095412112427,-9.198952413861747,-9.29815245424776,-9.16550932478913,0.20034867790794464,17,-13.43614484186784,-14.492973337371238,-14.392014122364992,-13.50103540252582,-14.117579567255508,-13.98794945427708,0.44197171148213454,5,-0.46179401993355484,-0.4093248561913412,-0.49425981873111785,-0.4245254594757457,-0.4960819770946353,-0.457197226285279,0.035400560111456966,19,1.3322682565927078,-0.2562845354170882,1.8207569112820012,-0.4570613693819622,1.6336622239467815,0.8146682974044881,0.9710933409257959,68,-10.958787245893992,-10.894678271106779,-11.31677297996197,-10.296073944864588,-11.018153433247111,-10.896893175014887,0.3334134460265973,24,absolute_error
642.3664337158203,15.568085887743845,0.4727109432220459,0.02365631459760558,0.01,absolute_error,9,1.0,20,1200,0.6,"{'learning_rate': 0.01, 'loss': 'absolute_error', 'max_depth': 9, 'max_features': 1.0, 'min_samples_leaf': 20, 'n_estimators': 1200, 'subsample': 0.6}",-8.72827232123589,-9.122362867208329,-9.245381759361086,-9.170764588333475,-9.305212691661387,-9.114398845560034,0.2029288855523849,4,-13.464370006872942,-14.480834049243656,-14.325933540503419,-13.518501275918076,-14.143301381133986,-13.986588050734415,0.4185237031486633,4,-0.4747810329205678,-0.41537995761429003,-0.5006042296072507,-0.4371798734558602,-0.5057263411693791,-0.4667342869534695,0.03533563053652914,68,1.3616912121425186,-0.17872107252467673,1.8472033396585696,-0.35649032864664465,1.6563459362768025,0.8660058173813139,0.9401107587283732,54,-10.625912614190812,-10.765615469329482,-11.079196342110759,-10.080832621605992,-10.83744086039896,-10.6777995815272,0.3326794661815559,2,absolute_error
305.72706427574155,11.461400091592923,0.19308223724365234,0.015494384479570366,0.015,absolute_error,6,1.0,5,800,0.6,"{'learning_rate': 0.015, 'loss': 'absolute_error', 'max_depth': 6, 'max_features': 1.0, 'min_samples_leaf': 5, 'n_estimators': 800, 'subsample': 0.6}",-8.897356490568555,-9.303630940543387,-9.513600602682537,-9.328688942596393,-9.302486804823367,-9.269152756242848,0.20190674791660915,57,-13.61079704615711,-14.59165855195959,-14.716732641807464,-13.772190007194663,-14.216486344346684,-14.181572918293103,0.4356981909630674,61,-0.4744790093627303,-0.41659097789887983,-0.4845921450151057,-0.43085266646580295,-0.502411091018686,-0.461785177952241,0.03265299955682086,39,1.684065927584624,-0.18825255838398436,1.8506524975531773,-0.2463439767846975,1.7720321948894773,0.9744308169717193,0.9746423046627357,22,-11.150569581955818,-10.940441423064136,-11.725585337213284,-10.539966063471686,-11.02137193792658,-11.075586868726301,0.3837221947047443,60,absolute_error
294.174929189682,5.05032117654323,0.24593734741210938,0.07357008920518966,0.015,absolute_error,6,1.0,10,800,0.6,"{'learning_rate': 0.015, 'loss': 'absolute_error', 'max_depth': 6, 'max_features': 1.0, 'min_samples_leaf': 10, 'n_estimators': 800, 'subsample': 0.6}",-8.90239391174629,-9.33038772743566,-9.466188477161829,-9.26908479832925,-9.25662955383386,-9.244936893701379,0.18671349295389217,47,-13.606098306956662,-14.68127160747406,-14.697148545438171,-13.733185837841129,-14.219565467529995,-14.187453953048003,0.4580413759548029,62,-0.48112352763515553,-0.4187102633969119,-0.47643504531722053,-0.4317565531786683,-0.5045207956600362,-0.46250923703759844,0.03215421796617816,49,1.7094388163121585,-0.17983832643703976,1.8773576596697048,-0.2870573758102518,1.7521617666542388,0.9744125080777621,0.9883388879054489,23,-11.02817895875754,-10.927066041756488,-11.904609293884713,-10.401726802282118,-10.910146236971181,-11.034345466730407,0.4867315179804355,50,absolute_error
281.3632931232452,3.272703335098289,0.1799642562866211,0.010013669503359808,0.015,absolute_error,6,1.0,15,800,0.6,"{'learning_rate': 0.015, 'loss': 'absolute_error', 'max_depth': 6, 'max_features': 1.0, 'min_samples_leaf': 15, 'n_estimators': 800, 'subsample': 0.6}",-8.893938169578874,-9.275588024773086,-9.468917111238225,-9.278814405636702,-9.265797580633345,-9.236611058372047,0.18737288513763128,44,-13.640470907484474,-14.664137678709663,-14.705858823660352,-13.759498926059567,-14.241422096517496,-14.202277686486308,0.4427461544922116,67,-0.4856538810027182,-0.4144716924008477,-0.48126888217522656,-0.42181379933714974,-0.5006027727546715,-0.4607622055341228,0.03546034416747262,31,1.7267568196658043,-0.18721512923133,1.8405090899049712,-0.20189021665971738,1.7348620506075987,0.9826045228574654,0.9619937714372029,21,-10.934428205655822,-10.963804117594748,-11.749592192650338,-10.75939692257665,-10.987413803870394,-11.078927048469591,0.3447895345560667,62,absolute_error
279.9653890132904,6.190563177901772,0.24990296363830566,0.07490427622675959,0.015,absolute_error,6,1.0,20,800,0.6,"{'learning_rate': 0.015, 'loss': 'absolute_error', 'max_depth': 6, 'max_features': 1.0, 'min_samples_leaf': 20, 'n_estimators': 800, 'subsample': 0.6}",-8.845230940611762,-9.24601437898502,-9.464464805465163,-9.241213089459922,-9.22035026840398,-9.203454696585169,0.1999865092583929,29,-13.596093106270459,-14.659731790949927,-14.715923563678396,-13.764945703204797,-14.226597081103236,-14.192658249041363,0.45430036733645607,63,-0.47840531561461797,-0.4223433242506812,-0.4845921450151057,-0.425429346188611,-0.498794454490657,-0.46191291711193455,0.031759716663081,40,1.6942202573323752,-0.15940448191276144,1.9299155097523275,-0.20062452468502864,1.7824333556560084,1.0093080232285843,0.9740812473797155,6,-11.015190314518005,-10.757373652340384,-11.7566704623971,-10.625252636858313,-11.029376454571311,-11.036772704137023,0.3914552036479077,51,absolute_error
334.2360267162323,2.9451556771139145,0.2881748199462891,0.10146725688487447,0.015,absolute_error,7,1.0,5,800,0.6,"{'learning_rate': 0.015, 'loss': 'absolute_error', 'max_depth': 7, 'max_features': 1.0, 'min_samples_leaf': 5, 'n_estimators': 800, 'subsample': 0.6}",-8.880672078762199,-9.282941480225137,-9.467354707809092,-9.351354381214545,-9.37672345479705,-9.271809220561606,0.204296185775258,59,-13.487946597150376,-14.555508849012146,-14.562177214139306,-13.705895559317009,-14.213243872419982,-14.104954418407763,0.4390273818876617,52,-0.4805194805194805,-0.41992128368150167,-0.4909365558912387,-0.42603193733052125,-0.487040385774563,-0.46088992863946104,0.031194470511223298,33,1.5281746392003535,-0.24032992529206695,1.8007141735124388,-0.3825764513606094,1.746103344559473,0.8904171561239178,0.986577498931841,47,-10.830826990312385,-10.767031710866592,-11.476094768361312,-10.525945526586002,-11.41879310651762,-11.003738420528782,0.3767241405325061,46,absolute_error
330.2041910648346,5.415834052877787,0.26169395446777344,0.058301442021260155,0.015,absolute_error,7,1.0,10,800,0.6,"{'learning_rate': 0.015, 'loss': 'absolute_error', 'max_depth': 7, 'max_features': 1.0, 'min_samples_leaf': 10, 'n_estimators': 800, 'subsample': 0.6}",-8.84153844838501,-9.225076696123834,-9.42193839913963,-9.297356848302167,-9.3283704933408,-9.222856177058288,0.20086089366059645,37,-13.49352523686097,-14.541886323269848,-14.52679398601697,-13.703317280256856,-14.177664548292816,-14.088637474939492,0.426138872867363,44,-0.4693446088794926,-0.4135634271874054,-0.475226586102719,-0.42844230189816207,-0.5042194092827004,-0.4581592666700958,0.032893248258182774,21,1.5514095489229671,-0.20623729269429664,1.7876660599763006,-0.32810914193838686,1.7388810676031958,0.9087220483739561,0.9641202748273693,41,-11.071766672807824,-10.903816452975022,-11.793957647703031,-10.467276068010333,-10.974638577170406,-11.042291083733323,0.4290141692429564,53,absolute_error
330.170318031311,6.670342315345918,0.263411283493042,0.107917757631082,0.015,absolute_error,7,1.0,15,800,0.6,"{'learning_rate': 0.015, 'loss': 'absolute_error', 'max_depth': 7, 'max_features': 1.0, 'min_samples_leaf': 15, 'n_estimators': 800, 'subsample': 0.6}",-8.816198850362445,-9.19316640124016,-9.429202464523003,-9.238143573411248,-9.262186264572472,-9.187779510821866,0.20221728521262963,24,-13.545856302594368,-14.563802136426514,-14.565004724017491,-13.651724912170538,-14.174317315957946,-14.100141078233372,0.4347161305475406,48,-0.479613409845968,-0.42355434453527097,-0.4824773413897281,-0.4377824645977704,-0.5060277275467149,-0.46589105758309046,0.030518356145826507,67,1.5302955055540537,-0.1875419875313627,1.8445019840439707,-0.18021590102667326,1.687108073460821,0.9388295349001619,0.9220597426483342,32,-10.786285520289525,-10.631014095239513,-11.683143933862459,-10.345238108962286,-10.818867961165713,-10.8529099239039,0.44762810638758477,16,absolute_error
324.81922483444214,14.92437341532477,0.4332883834838867,0.198957682339687,0.015,absolute_error,7,1.0,20,800,0.6,"{'learning_rate': 0.015, 'loss': 'absolute_error', 'max_depth': 7, 'max_features': 1.0, 'min_samples_leaf': 20, 'n_estimators': 800, 'subsample': 0.6}",-8.803287527973003,-9.142913081089869,-9.366083772632626,-9.213374961802254,-9.233992517731094,-9.151930372245769,0.18868198462336958,11,-13.548457971184682,-14.505665236718105,-14.529838735476527,-13.669442080982227,-14.176405212043901,-14.085961847281089,0.41079356415234275,41,-0.4753850800362428,-0.4296094459582198,-0.48036253776435045,-0.44200060259114193,-0.498794454490657,-0.4652304241681223,0.025562162382356573,64,1.5688186196670815,-0.10343061688705125,1.9525450221870189,-0.300038778923248,1.795207262522254,0.982620301713211,0.976667898025389,20,-10.909162469770115,-10.520581599458039,-11.781340034859443,-10.082945736528773,-11.055856456459399,-10.869977259415155,0.567126901192955,21,absolute_error
374.7903238296509,6.756091117905557,0.4695925235748291,0.38297654881603305,0.015,absolute_error,8,1.0,5,800,0.6,"{'learning_rate': 0.015, 'loss': 'absolute_error', 'max_depth': 8, 'max_features': 1.0, 'min_samples_leaf': 5, 'n_estimators': 800, 'subsample': 0.6}",-8.922156299460465,-9.291703563195812,-9.4443788991247,-9.34739767236027,-9.448641438333832,-9.290855574495016,0.1937021803488836,70,-13.511471294181453,-14.513833574225087,-14.407185074885588,-13.612051297079827,-14.207121760095113,-14.050332600093412,0.4121217514426482,26,-0.4690425853216551,-0.4171964880411747,-0.4649546827794562,-0.42211509490810484,-0.48553345388788427,-0.451768460987655,0.027154704916318207,8,1.33891837634312,-0.2580558568104837,1.7517898711030202,-0.44787478796677194,1.566831313113977,0.7903217831565723,0.9445181396918172,70,-10.938318818926486,-10.826610440562677,-12.040064531986275,-10.541583316667388,-11.34368050568089,-11.138051522764744,0.5193406914484447,72,absolute_error
345.7105593204498,5.64953350250813,0.3126671314239502,0.05491046184135055,0.015,absolute_error,8,1.0,10,800,0.6,"{'learning_rate': 0.015, 'loss': 'absolute_error', 'max_depth': 8, 'max_features': 1.0, 'min_samples_leaf': 10, 'n_estimators': 800, 'subsample': 0.6}",-8.888818963951312,-9.24647598408086,-9.421096742529091,-9.256039234172645,-9.352885511220013,-9.233063287190785,0.18380745053340686,41,-13.536133186908371,-14.506955164897422,-14.465100123677209,-13.565328887851841,-14.170570521142746,-14.04881757689552,0.4229921001384748,25,-0.4684385382059801,-0.41174689676052073,-0.4770392749244713,-0.42603193733052125,-0.4957805907172996,-0.4558074475877586,0.03173673034260124,15,1.4013862119173706,-0.24337903918735462,1.7744693336647845,-0.3639836182260147,1.6552118050629698,0.844740938646351,0.9461640465179117,59,-10.983516872115153,-10.932804856243843,-11.734428027929617,-10.435902612916147,-11.101783250889646,-11.03768712401888,0.41608544909676615,52,absolute_error
351.41352195739745,7.807217716894621,0.35047111511230467,0.033855039216296005,0.015,absolute_error,8,1.0,15,800,0.6,"{'learning_rate': 0.015, 'loss': 'absolute_error', 'max_depth': 8, 'max_features': 1.0, 'min_samples_leaf': 15, 'n_estimators': 800, 'subsample': 0.6}",-8.802945286371608,-9.162737619993475,-9.386305752802535,-9.109481196313785,-9.344702234205265,-9.161234417937333,0.20754243072060527,14,-13.462760411841456,-14.468261964693648,-14.460154835182745,-13.470372234809984,-14.20862905273842,-14.014035699853249,0.4566584636159554,14,-0.48323769254001814,-0.4114441416893733,-0.475226586102719,-0.4383850557396806,-0.5030138637733574,-0.4622614679690297,0.03292821817354991,44,1.4559890270351643,-0.20753915929170577,1.830684206950936,-0.28636345801268626,1.6521370577178223,0.8889815348799062,0.9353610271812919,48,-10.614791097403073,-10.88264183800513,-11.801728152188174,-10.063205420419706,-10.93095050047957,-10.858663401699129,0.5634533901675527,18,absolute_error
366.1638696193695,12.241917258717153,0.4005287647247314,0.10412095867673946,0.015,absolute_error,8,1.0,20,800,0.6,"{'learning_rate': 0.015, 'loss': 'absolute_error', 'max_depth': 8, 'max_features': 1.0, 'min_samples_leaf': 20, 'n_estimators': 800, 'subsample': 0.6}",-8.776613921241204,-9.134579581911673,-9.267973392440577,-9.15315708710634,-9.225465723676983,-9.111557941275354,0.17429214421939393,3,-13.517002270749726,-14.520524753495534,-14.370933863244153,-13.55384606604365,-14.123053655605055,-14.017072121827624,0.4134157724586103,15,-0.4880700694654183,-0.42415985467756584,-0.48580060422960725,-0.43567339560108465,-0.5018083182640145,-0.4671024484475382,0.03106641686141551,71,1.4109067866140133,-0.1766446618825215,1.8902661549353388,-0.3361760366367816,1.679707237317076,0.893611896069425,0.9525426038030337,45,-10.436534982583115,-10.55962135647976,-11.48438212121091,-10.118796717326578,-10.8658750404139,-10.693042043602853,0.4624813531529547,3,absolute_error
458.86844091415406,10.716562181038817,0.3702246189117432,0.026730077562579054,0.015,absolute_error,9,1.0,5,800,0.6,"{'learning_rate': 0.015, 'loss': 'absolute_error', 'max_depth': 9, 'max_features': 1.0, 'min_samples_leaf': 5, 'n_estimators': 800, 'subsample': 0.6}",-8.932385712450474,-9.358257303098659,-9.429802110509472,-9.335340059159842,-9.464100119268773,-9.303977060897443,0.19156275709339995,74,-13.47161533129678,-14.574447168905687,-14.321208367575828,-13.520919756835736,-14.180662194860162,-14.013770563894838,0.441262572461615,13,-0.4500151011778919,-0.42052679382379654,-0.4637462235649547,-0.4184995480566436,-0.4704641350210971,-0.4446503603288767,0.021566617001242492,2,1.1601472131119055,-0.36621458631457926,1.600688085875714,-0.5431286990893924,1.3546767635900936,0.6412337554347483,0.9073578455742861,80,-11.213549166623165,-10.6914028414463,-11.892808648219859,-10.504445465829308,-11.497982606446417,-11.160037745713009,0.5105767929635711,75,absolute_error
444.2339884281158,9.904958311584915,0.5492559432983398,0.3279575677924763,0.015,absolute_error,9,1.0,10,800,0.6,"{'learning_rate': 0.015, 'loss': 'absolute_error', 'max_depth': 9, 'max_features': 1.0, 'min_samples_leaf': 10, 'n_estimators': 800, 'subsample': 0.6}",-8.858805479689075,-9.260143567112165,-9.368874958379676,-9.287485504424916,-9.380184082533061,-9.231098718427779,0.19174674264061284,40,-13.381348825163837,-14.498646746241038,-14.343867497685611,-13.524649316064435,-14.117877725449546,-13.973278022120894,0.44405085744626444,3,-0.46028390214436726,-0.40599455040871935,-0.47401812688821754,-0.41247363663754144,-0.4798071127185051,-0.44651546575947015,0.03116116389906513,4,1.1728600114288759,-0.2708006564165853,1.643483592608223,-0.5582725131481516,1.4694443678338038,0.6913429604612332,0.9199055848613767,75,-10.897258674898799,-11.07076794706469,-11.615967751360722,-10.581540510609052,-11.306239697963964,-11.094354916379444,0.3519536897312536,67,absolute_error
454.8734673500061,11.845908209990991,0.5178229331970214,0.20726753294070305,0.015,absolute_error,9,1.0,15,800,0.6,"{'learning_rate': 0.015, 'loss': 'absolute_error', 'max_depth': 9, 'max_features': 1.0, 'min_samples_leaf': 15, 'n_estimators': 800, 'subsample': 0.6}",-8.809181465412292,-9.160650337052113,-9.343277113925602,-9.214271215603715,-9.288919077392025,-9.16325984187715,0.18771090972601553,15,-13.454540122387641,-14.477488097462608,-14.368140966161484,-13.527262546793759,-14.121498825447947,-13.989786111650687,0.4239740980160825,6,-0.47266686801570523,-0.4120496518316682,-0.4891238670694864,-0.43296173546248873,-0.4960819770946353,-0.46057681989479676,0.03267781596794899,30,1.35793116962221,-0.24223471570635316,1.7656738036075408,-0.43484347828627823,1.6314063510749657,0.815586626062417,0.9534072067639577,67,-10.75505109731605,-10.822015722742485,-11.355968973759945,-10.138803291634158,-11.00657344217906,-10.81568250552634,0.3975501389645495,9,absolute_error
459.5187207221985,10.084273071109823,0.4918832778930664,0.13898323766898102,0.015,absolute_error,9,1.0,20,800,0.6,"{'learning_rate': 0.015, 'loss': 'absolute_error', 'max_depth': 9, 'max_features': 1.0, 'min_samples_leaf': 20, 'n_estimators': 800, 'subsample': 0.6}",-8.754424054887384,-9.122518930914183,-9.236969229261335,-9.13203299437075,-9.225327849829375,-9.094254611852607,0.1762149489123041,1,-13.508785132408505,-14.486034824308621,-14.31762627316446,-13.452798413879979,-14.08365504213186,-13.969779937178686,0.4195878518093001,2,-0.47327091513138025,-0.42022403875264913,-0.4909365558912387,-0.43567339560108465,-0.5033152501506932,-0.4646840311054092,0.03185469702321164,59,1.3859265779788605,-0.21864495587578583,1.866372558718781,-0.33551084970356215,1.6355733373793544,0.8667433336995296,0.9469310707616244,53,-10.713050716471008,-10.594198753440859,-11.308326559450517,-10.095317080964868,-10.789362317113344,-10.70005108548812,0.3886006873773788,5,absolute_error
250.27920899391174,8.040161198358623,0.1781468868255615,0.07367358412697796,0.02,absolute_error,6,1.0,5,600,0.6,"{'learning_rate': 0.02, 'loss': 'absolute_error', 'max_depth': 6, 'max_features': 1.0, 'min_samples_leaf': 5, 'n_estimators': 600, 'subsample': 0.6}",-8.937055580450801,-9.313636983742613,-9.512737636740813,-9.392681357643978,-9.289689220443387,-9.289160155804318,0.19249963959053523,67,-13.672117425575957,-14.630466164749482,-14.712472864737965,-13.858829965800112,-14.22315688818863,-14.219408661810428,0.41027778916426744,74,-0.4805194805194805,-0.407811080835604,-0.4806646525679758,-0.4326604398915336,-0.5,-0.46033113076291876,0.03440541683835858,27,1.6706966436680841,-0.20732904262006788,1.9121068213064065,-0.22161830170435773,1.7862366753880838,0.9880185592076298,0.9848063635682134,16,-11.037796233204785,-11.164860849861828,-11.884423367736108,-10.598453441038858,-11.075925895831471,-11.15229195753461,0.4151752708151202,74,absolute_error
240.00487265586852,6.750240300858403,0.30582289695739745,0.1982955917404943,0.02,absolute_error,6,1.0,10,600,0.6,"{'learning_rate': 0.02, 'loss': 'absolute_error', 'max_depth': 6, 'max_features': 1.0, 'min_samples_leaf': 10, 'n_estimators': 600, 'subsample': 0.6}",-8.935537830320563,-9.313171654541549,-9.574411117677457,-9.324960210292565,-9.317731701852255,-9.293162502936877,0.20445600780303871,71,-13.715817326604455,-14.627989769498246,-14.814004003886737,-13.807992999717724,-14.259334480743044,-14.245027716090041,0.4339727211690824,79,-0.4941105406221685,-0.41689373297002724,-0.48882175226586105,-0.4371798734558602,-0.5102471368294154,-0.4694506072286665,0.03592028867523902,77,1.7246868463162037,-0.20429045378251112,1.8649321419069123,-0.14805903812883148,1.7876587306842648,1.0049856453992076,0.9655998840256043,8,-10.787287256828952,-10.924703923786167,-11.700935163542725,-10.495566847143841,-10.882364280908497,-10.958171494442038,0.4004420463467181,39,absolute_error
235.30502619743348,4.049179256934382,0.18490877151489257,0.026758127234279377,0.02,absolute_error,6,1.0,15,600,0.6,"{'learning_rate': 0.02, 'loss': 'absolute_error', 'max_depth': 6, 'max_features': 1.0, 'min_samples_leaf': 15, 'n_estimators': 600, 'subsample': 0.6}",-8.911110130369565,-9.302517175606614,-9.470040951512642,-9.215391393447598,-9.255103247856292,-9.230832579758541,0.18188417556623038,39,-13.671220131679256,-14.696894318463286,-14.720902238671982,-13.718328118015904,-14.207516246632341,-14.202972210692554,0.45384388963418126,69,-0.4636061612805799,-0.42052679382379654,-0.4854984894259819,-0.43055137089484785,-0.5081374321880651,-0.4616640495226543,0.03283869728774781,37,1.680264843182598,-0.12715045400519057,1.86485578538223,-0.17286713941970921,1.8426544578561757,1.017551498599221,0.955546704133663,5,-11.422815158772384,-10.909372311536897,-11.673462414163668,-10.501097970300409,-10.92003560722241,-11.085356692399152,0.4145856665055074,64,absolute_error
229.11313300132753,5.294584167228983,0.13843116760253907,0.014029669684169762,0.02,absolute_error,6,1.0,20,600,0.6,"{'learning_rate': 0.02, 'loss': 'absolute_error', 'max_depth': 6, 'max_features': 1.0, 'min_samples_leaf': 20, 'n_estimators': 600, 'subsample': 0.6}",-8.879754740971372,-9.263972623971853,-9.483500297031554,-9.287070738061905,-9.172909608640637,-9.217441601735464,0.19688377096159676,35,-13.652173952429246,-14.652578540238238,-14.748881862650705,-13.823513557483903,-14.18679230479453,-14.212788043519321,0.43527251853382226,72,-0.46481425551192995,-0.4123524069028156,-0.4891238670694864,-0.43055137089484785,-0.5072332730560579,-0.46081503468702756,0.03531728259429303,32,1.723473347497739,-0.1084044438960736,1.9377510710688428,-0.15703415350826735,1.8255324224921758,1.0442636487308834,0.9635130125799494,3,-11.405876608486428,-11.101630579585278,-11.675213720942654,-10.602726180592555,-10.84160150305962,-11.125409718533309,0.38347274971738066,71,absolute_error
266.912474155426,10.302078758238656,0.2286071300506592,0.06344584182915153,0.02,absolute_error,7,1.0,5,600,0.6,"{'learning_rate': 0.02, 'loss': 'absolute_error', 'max_depth': 7, 'max_features': 1.0, 'min_samples_leaf': 5, 'n_estimators': 600, 'subsample': 0.6}",-8.92053351338392,-9.283161101521861,-9.453417883610038,-9.403870377200452,-9.37307623082004,-9.28681182130726,0.19135044314689342,66,-13.52770038089399,-14.512084782975444,-14.510478711615072,-13.783454064123424,-14.245837294153464,-14.115911046752279,0.3964940185980586,54,-0.47629115070975536,-0.4156827126854375,-0.4930513595166163,-0.43446821331726426,-0.4951778179626281,-0.46293425083834033,0.03215001642356995,51,1.5488625349542482,-0.1447844500132707,1.905286409874587,-0.2973504936874284,1.6668108926529026,0.9357649787562078,0.9527275983651184,33,-10.990542268880048,-10.992009497426395,-11.518784072130547,-10.480076107274522,-11.147396675497024,-11.025761724241708,0.3340714032360535,49,absolute_error
261.03460783958434,4.621744120234409,0.2108911991119385,0.05421156978076696,0.02,absolute_error,7,1.0,10,600,0.6,"{'learning_rate': 0.02, 'loss': 'absolute_error', 'max_depth': 7, 'max_features': 1.0, 'min_samples_leaf': 10, 'n_estimators': 600, 'subsample': 0.6}",-8.89192676934354,-9.218313343315637,-9.421136535404907,-9.23853776746954,-9.355186623444048,-9.225020207795534,0.18252882233128723,38,-13.589908126873752,-14.499407593583383,-14.52685138716588,-13.618220679542343,-14.243176881451296,-14.095512933723331,0.413384207669053,46,-0.479613409845968,-0.40962761126248864,-0.4873111782477341,-0.4413980114492317,-0.5042194092827004,-0.46443392401762457,0.03426676399828827,57,1.5771241549440083,-0.17161736692861765,1.8514107878109303,-0.24362800989144473,1.758409276234191,0.9543397684338135,0.9531034411689686,30,-10.914051514583146,-11.042585665190806,-11.566066844341108,-10.189114500137098,-11.020595097170471,-10.946482724284525,0.4411963987166791,36,absolute_error
260.02883234024046,8.836728061238562,0.18582720756530763,0.013504104265003503,0.02,absolute_error,7,1.0,15,600,0.6,"{'learning_rate': 0.02, 'loss': 'absolute_error', 'max_depth': 7, 'max_features': 1.0, 'min_samples_leaf': 15, 'n_estimators': 600, 'subsample': 0.6}",-8.85837024782797,-9.18901513810635,-9.431415641103225,-9.23405520342482,-9.267479100661891,-9.19606706622485,0.18762760978768903,25,-13.611751660262579,-14.544431786388618,-14.554129679377743,-13.647522641262505,-14.152813279924246,-14.102129809443138,0.41222376010263023,50,-0.47870733917245545,-0.4102331214047835,-0.4809667673716012,-0.43055137089484785,-0.523508137432188,-0.46479334725517524,0.04012963110912973,60,1.5437319119846518,-0.16814582800242503,1.9281213134174138,-0.2449746846773159,1.7963984495211573,0.9710262324486963,0.9697044188685666,25,-10.864782413608705,-10.99480860932593,-11.80906636917818,-10.439033674500687,-10.567054033249097,-10.934949019972517,0.4803886789671833,32,absolute_error
254.29039912223817,4.563610601434326,0.2532321929931641,0.08781272792748447,0.02,absolute_error,7,1.0,20,600,0.6,"{'learning_rate': 0.02, 'loss': 'absolute_error', 'max_depth': 7, 'max_features': 1.0, 'min_samples_leaf': 20, 'n_estimators': 600, 'subsample': 0.6}",-8.795480195754775,-9.120704570548597,-9.32496100987538,-9.198664850888564,-9.215782509662196,-9.131118627345902,0.18003718720774106,6,-13.587027678049322,-14.474205053661946,-14.43712265776914,-13.651936878130227,-14.183198419283602,-14.066698137378847,0.37919893974949975,35,-0.466626396858955,-0.4108386315470784,-0.48398791540785496,-0.44230189816209703,-0.5141651597347799,-0.4635840003421531,0.03526763789824018,55,1.6433497427749246,-0.10969706158123499,1.8693599825230678,-0.2604751252439684,1.7200942089374385,0.9725263494820455,0.9491756890021169,24,-11.185425866172116,-10.966601990463962,-11.564669939088287,-10.104172922143873,-10.634595238075494,-10.891093191188748,0.4962002917021947,23,absolute_error
311.0266152381897,7.301064882327071,0.20880651473999023,0.016805139121812657,0.02,absolute_error,8,1.0,5,600,0.6,"{'learning_rate': 0.02, 'loss': 'absolute_error', 'max_depth': 8, 'max_features': 1.0, 'min_samples_leaf': 5, 'n_estimators': 600, 'subsample': 0.6}",-8.927885244619329,-9.354773114746473,-9.422766928682304,-9.316620122462702,-9.430015617844987,-9.29041220567116,0.18615147831965279,68,-13.508974039849983,-14.537397055626453,-14.36979222392076,-13.611138241193073,-14.183846159401199,-14.042229543998294,0.41054709441596515,22,-0.4587737843551797,-0.41477444747199516,-0.475226586102719,-0.4332630310334438,-0.49065702230259195,-0.4545389742531859,0.027511116464287014,13,1.3321645114153886,-0.2130256648019885,1.7106429689311238,-0.37986808645091974,1.567885475940486,0.8035598410068181,0.9077845696933733,69,-11.182035794019404,-11.02014300261556,-11.713791087444513,-10.313310155606086,-11.207320586357554,-11.087320125208624,0.45153986179804656,65,absolute_error
303.54255709648135,10.029540812045902,0.21143927574157714,0.013750113636382321,0.02,absolute_error,8,1.0,10,600,0.6,"{'learning_rate': 0.02, 'loss': 'absolute_error', 'max_depth': 8, 'max_features': 1.0, 'min_samples_leaf': 10, 'n_estimators': 600, 'subsample': 0.6}",-8.885621110432108,-9.266651707704916,-9.371208455165247,-9.270877426748266,-9.371877787827092,-9.233247297575526,0.17979295929285186,42,-13.579759161318616,-14.50979653126171,-14.390940312718547,-13.592293496557186,-14.246226858342967,-14.063803272039806,0.39895542733359696,32,-0.4663243733011175,-0.4138661822585528,-0.48700906344410877,-0.4296474841819825,-0.502411091018686,-0.45985163884088953,0.03351919494227584,25,1.4525692486272364,-0.2144171711456504,1.8054134658726748,-0.36473194744199183,1.7243579218786989,0.8806383035581936,0.9637707669207827,51,-11.08476304366758,-10.936185323429138,-11.47475761744278,-10.36447995996407,-11.042984428555433,-10.980634074611801,0.357913416594679,41,absolute_error
285.95065488815305,17.96954486851916,0.2768555641174316,0.16140588823977542,0.02,absolute_error,8,1.0,15,600,0.6,"{'learning_rate': 0.02, 'loss': 'absolute_error', 'max_depth': 8, 'max_features': 1.0, 'min_samples_leaf': 15, 'n_estimators': 600, 'subsample': 0.6}",-8.800628149797193,-9.208127569755035,-9.404928083747699,-9.2022910581059,-9.229293918846224,-9.16905375605041,0.19881372396729363,18,-13.462912169438667,-14.538665195371017,-14.483091965571296,-13.549456514129014,-14.013360233884836,-14.009497215678966,0.4504926904229825,12,-0.4874660223497433,-0.4114441416893733,-0.4873111782477341,-0.43446821331726426,-0.504822182037372,-0.46510234752829743,0.03574544614236665,63,1.4163224288447729,-0.0872369032468599,1.873500882943835,-0.320235156000781,1.7438901719052684,0.9252482848892472,0.9366820806957239,36,-10.479654078650416,-11.08399627353808,-11.572101636623984,-10.22175573477354,-10.868365615854763,-10.845174667888156,0.4707978047082904,12,absolute_error
266.96153712272644,10.283122878479343,0.2954988956451416,0.1335650289706444,0.02,absolute_error,8,1.0,20,600,0.6,"{'learning_rate': 0.02, 'loss': 'absolute_error', 'max_depth': 8, 'max_features': 1.0, 'min_samples_leaf': 20, 'n_estimators': 600, 'subsample': 0.6}",-8.799812037073584,-9.179057197908913,-9.326130761742304,-9.173154479135935,-9.265091492182526,-9.148649193608652,0.18345082907859364,10,-13.536808405960434,-14.569369736093845,-14.405168129096928,-13.585970067449415,-14.195076756639091,-14.058478619047943,0.4231469115104805,29,-0.45756569012382964,-0.41114138661822586,-0.49154078549848945,-0.44471226272973785,-0.5198915009041591,-0.46497032517488834,0.03764331878488249,62,1.409341801451079,-0.23361276166753753,1.8723443761414655,-0.3196260886671134,1.7403728619909786,0.8937640378497745,0.9678306109173777,44,-11.155943352922495,-10.878793436268507,-11.391196283465051,-9.954221113809625,-10.584385718013824,-10.7929079808959,0.4987979713107457,7,absolute_error
292.737961769104,11.870011605585491,0.2274836540222168,0.0036501014233163037,0.02,absolute_error,9,1.0,5,600,0.6,"{'learning_rate': 0.02, 'loss': 'absolute_error', 'max_depth': 9, 'max_features': 1.0, 'min_samples_leaf': 5, 'n_estimators': 600, 'subsample': 0.6}",-8.94326981377349,-9.337941452443543,-9.505311158098996,-9.434093920801049,-9.450547089727552,-9.334232686968926,0.20279786623845328,78,-13.427135304477178,-14.51252918807484,-14.42993856590856,-13.666520755612659,-14.139254837350117,-14.035075730284671,0.42430085560794367,21,-0.44367260646330414,-0.4159854677565849,-0.4706948640483384,-0.4151852967761374,-0.48342374924653403,-0.4457923968581798,0.027806447683770358,3,1.1091955378431808,-0.31127794296579786,1.620793514141282,-0.6069397456203317,1.4330157855650874,0.6489574297926841,0.9241603413377413,79,-11.328697338054047,-10.84973419643559,-11.818808236558189,-10.630379066554717,-11.256752375380604,-11.176874242596629,0.4116278922167676,76,absolute_error
282.2703121185303,6.373058241103981,0.24972610473632811,0.050244973109341826,0.02,absolute_error,9,1.0,10,600,0.6,"{'learning_rate': 0.02, 'loss': 'absolute_error', 'max_depth': 9, 'max_features': 1.0, 'min_samples_leaf': 10, 'n_estimators': 600, 'subsample': 0.6}",-8.866402384913558,-9.336141671769333,-9.407289649399036,-9.294168981127761,-9.381814258130811,-9.257163389068099,0.19918678598191664,51,-13.427984695442078,-14.580380822210323,-14.346356869482449,-13.550386281428134,-14.204031542296239,-14.021828042171844,0.4528588163059717,19,-0.4614919963757173,-0.4066000605510142,-0.4800604229607251,-0.4278397107562519,-0.4891500904159132,-0.45302845621192434,0.0312960061901063,9,1.1968265497378765,-0.3055036667203059,1.7309425459819563,-0.4998256076409032,1.422699463689647,0.7090278570096542,0.9254388440070379,73,-10.902928993007494,-11.105062297348077,-11.600864873099775,-10.277614667817918,-11.04417021842276,-10.986128209939205,0.42528317765876444,43,absolute_error
270.9539924621582,6.457135985011208,0.25014195442199705,0.07176110728262808,0.02,absolute_error,9,1.0,15,600,0.6,"{'learning_rate': 0.02, 'loss': 'absolute_error', 'max_depth': 9, 'max_features': 1.0, 'min_samples_leaf': 15, 'n_estimators': 600, 'subsample': 0.6}",-8.813694930664829,-9.2468092490002,-9.307000460323714,-9.191364130905939,-9.318249664052777,-9.175423686989493,0.18649900609555697,20,-13.480432844039036,-14.569390601609825,-14.315694960382245,-13.531222504988301,-14.112274153802954,-14.001803012964473,0.4303860048673917,9,-0.47025067955300515,-0.418104753254617,-0.4851963746223565,-0.44230189816209703,-0.49427365883062085,-0.4620254728845393,0.02815151584386749,42,1.323655188862294,-0.14177264610358004,1.7965939592567701,-0.28624883220801317,1.5556216080413647,0.8495698555697672,0.8823791339899965,58,-10.77866610332508,-10.888463395860803,-11.442371584312392,-10.066783949720168,-10.999849049026942,-10.835226816449076,0.4454801759193822,11,absolute_error
241.79378962516785,6.1425812223661085,0.23439326286315917,0.04568678592096215,0.02,absolute_error,9,1.0,20,600,0.6,"{'learning_rate': 0.02, 'loss': 'absolute_error', 'max_depth': 9, 'max_features': 1.0, 'min_samples_leaf': 20, 'n_estimators': 600, 'subsample': 0.6}",-8.73287065565414,-9.066346175185375,-9.251498088150884,-9.212566443389626,-9.248500224722044,-9.102356317420412,0.19675566872586248,2,-13.426727307789884,-14.416533381441699,-14.296698224225102,-13.568348977724565,-14.100880930636512,-13.961837764363551,0.39481369272128275,1,-0.45273331319842947,-0.41901301846805933,-0.4945619335347432,-0.44200060259114193,-0.5036166365280289,-0.46238510086408063,0.032016278360461496,47,1.2591546514303869,-0.18932449279032734,1.947323249304385,-0.3808989506269907,1.6194287829524319,0.8511366480539773,0.9548662380052213,57,-11.035222078638048,-10.592775511904206,-11.321960484721115,-9.990560466420993,-10.789882838858142,-10.7460802761085,0.44977154083004484,6,absolute_error
142.56485304832458,4.793826965566939,0.10552234649658203,0.009312513186882724,0.025,absolute_error,6,1.0,5,480,0.6,"{'learning_rate': 0.025, 'loss': 'absolute_error', 'max_depth': 6, 'max_features': 1.0, 'min_samples_leaf': 5, 'n_estimators': 480, 'subsample': 0.6}",-8.966514681154742,-9.337120870000819,-9.49929338377935,-9.35958531627327,-9.240518649681325,-9.280606580177901,0.17749151358997534,64,-13.69616639151042,-14.68096461413881,-14.637892684018288,-13.822678437257531,-14.176997279868203,-14.20293988135865,0.40491548257529786,68,-0.48716399879190575,-0.4072055706933091,-0.4836858006042296,-0.4314552576077132,-0.502411091018686,-0.4623843437431687,0.036527330125971445,46,1.7027128042851956,-0.20583861987547816,1.819175109598673,-0.26220044111580443,1.791292848465421,0.9690283402716015,0.9831986604678987,26,-10.950344762644644,-11.212128353964312,-11.700228205209639,-10.542674720896517,-10.978869391376998,-11.076849086818424,0.3789056936302929,61,absolute_error
138.42459015846254,4.365433545208056,0.10488009452819824,0.004964735550144235,0.025,absolute_error,6,1.0,10,480,0.6,"{'learning_rate': 0.025, 'loss': 'absolute_error', 'max_depth': 6, 'max_features': 1.0, 'min_samples_leaf': 10, 'n_estimators': 480, 'subsample': 0.6}",-8.896927651856936,-9.354762912131736,-9.534157570477483,-9.336550212169822,-9.29401075887994,-9.283281821103184,0.20989062088876295,65,-13.612478096513337,-14.719489743566907,-14.738398075305891,-13.861969976088952,-14.2397000828237,-14.234407194859756,0.450520851147162,78,-0.492600422832981,-0.4135634271874054,-0.48489425981873113,-0.44410967158782766,-0.5159734779987944,-0.47022825188514794,0.03660960018516754,79,1.7097547693680137,-0.21427380803797727,1.8285192339435676,-0.11444788476703795,1.8064851158197404,1.0032074852652613,0.9546745754060909,10,-10.766010268754082,-11.050891475410571,-11.716654274963764,-10.382685761414463,-10.75684734586844,-10.934617825282265,0.4449180654770945,31,absolute_error
146.87378735542296,3.486262915438955,0.21568470001220702,0.22114186311383077,0.025,absolute_error,6,1.0,15,480,0.6,"{'learning_rate': 0.025, 'loss': 'absolute_error', 'max_depth': 6, 'max_features': 1.0, 'min_samples_leaf': 15, 'n_estimators': 480, 'subsample': 0.6}",-8.840917481984045,-9.264783398059809,-9.459704538905678,-9.329581578898292,-9.29698424956111,-9.238394249481786,0.20948046649910948,45,-13.620140861539427,-14.649145806493348,-14.729153455057045,-13.82796136327404,-14.248980242050946,-14.215076345682963,0.4376407854115345,73,-0.4753850800362428,-0.41659097789887983,-0.4851963746223565,-0.4299487797529376,-0.5036166365280289,-0.46214756976768906,0.03328160970394143,43,1.6146250753503453,-0.11545700043608621,1.8770456210288058,-0.23082290348334417,1.7743722889927964,0.9839526162905035,0.949158279057461,17,-10.996919125582643,-10.98118644307818,-11.682641042771838,-10.581212348879541,-10.99184948980307,-11.046761690023052,0.3552121856767441,54,absolute_error
154.4654285430908,5.90296771673627,0.10609564781188965,0.012884810807182942,0.025,absolute_error,6,1.0,20,480,0.6,"{'learning_rate': 0.025, 'loss': 'absolute_error', 'max_depth': 6, 'max_features': 1.0, 'min_samples_leaf': 20, 'n_estimators': 480, 'subsample': 0.6}",-8.7859897348003,-9.226713649796986,-9.507624732678874,-9.302438324957308,-9.240311204170412,-9.212615529280777,0.23582787818174,33,-13.551738172381633,-14.629101916484759,-14.754295265437296,-13.828815560419782,-14.266696486874167,-14.206129480319527,0.45905414714761045,71,-0.4645122319540924,-0.4102331214047835,-0.4782477341389728,-0.4181982524856885,-0.502411091018686,-0.45472048620044464,0.03531799159174321,14,1.7104512349005294,-0.1784792648853129,1.8996783640314618,-0.2522971229734956,1.8234935192180157,1.0005693460582397,0.9949234677370656,12,-11.29834722063701,-11.028161687587918,-11.926144425177263,-10.82039576706926,-11.010709079844874,-11.216751636063265,0.3860087167911639,78,absolute_error
181.03923106193542,7.733294653920726,0.1308948040008545,0.00573115849194984,0.025,absolute_error,7,1.0,5,480,0.6,"{'learning_rate': 0.025, 'loss': 'absolute_error', 'max_depth': 7, 'max_features': 1.0, 'min_samples_leaf': 5, 'n_estimators': 480, 'subsample': 0.6}",-8.833006811005164,-9.301391705476632,-9.443387842068388,-9.393546914291898,-9.30162003534484,-9.254590661637383,0.2177559451772238,50,-13.52171049804124,-14.564482474371733,-14.516060408805819,-13.761643270274085,-14.146418267943993,-14.102062983887373,0.4098506150994532,49,-0.48172757475083056,-0.4084165909778989,-0.49154078549848945,-0.4299487797529376,-0.4972875226039783,-0.46178425071682694,0.03579182635164959,38,1.5896828105828327,-0.26372772496250874,1.7567148001232369,-0.33470146152579666,1.5811095922598462,0.8658156032955221,0.9535659344462885,55,-10.818033021027542,-11.064271359391457,-11.39285179645184,-10.534796095911243,-10.942089971027983,-10.950408448762014,0.2825055599855826,37,absolute_error
182.57812023162842,8.131125271607711,0.1303304672241211,0.006482223463612287,0.025,absolute_error,7,1.0,10,480,0.6,"{'learning_rate': 0.025, 'loss': 'absolute_error', 'max_depth': 7, 'max_features': 1.0, 'min_samples_leaf': 10, 'n_estimators': 480, 'subsample': 0.6}",-8.916542579303625,-9.249041579677693,-9.426652344122052,-9.337973529018829,-9.305230850142292,-9.2470881764529,0.17501326561402655,48,-13.618815542850227,-14.545237338780927,-14.527596142336904,-13.74356333182355,-14.160980074325147,-14.119238486023352,0.38510473945453383,56,-0.47568710359408034,-0.41659097789887983,-0.4873111782477341,-0.44471226272973785,-0.4978902953586498,-0.46443836356581636,0.029823557513230722,58,1.5527517394107806,-0.23598514584007477,1.7897642464270276,-0.24587580693550118,1.6380602170597978,0.8997430500244059,0.9344507924875385,43,-11.004391583893144,-10.81763277651368,-11.508474555089103,-10.222449979537453,-10.98966094460549,-10.908521967927772,0.41344243662521707,28,absolute_error
176.32347378730773,9.394906072632198,0.1644711971282959,0.0724164314212974,0.025,absolute_error,7,1.0,15,480,0.6,"{'learning_rate': 0.025, 'loss': 'absolute_error', 'max_depth': 7, 'max_features': 1.0, 'min_samples_leaf': 15, 'n_estimators': 480, 'subsample': 0.6}",-8.779269317430838,-9.253059854637613,-9.46353357366342,-9.246147020449754,-9.297460217620829,-9.207893996760491,0.22829632737646358,30,-13.49730369947987,-14.584303123869104,-14.587449324284952,-13.678595328009736,-14.172269788988944,-14.10398425292652,0.4512481886533608,51,-0.48082150407731805,-0.4193157735392068,-0.48580060422960725,-0.4426031937330521,-0.5090415913200723,-0.46751653337985133,0.032185859226095924,72,1.6438268089316295,-0.16081143147736096,1.853589808840177,-0.23960400378081895,1.8477700792400351,0.9889542523507323,0.9742005801519368,15,-10.83884148064891,-10.84176770458423,-11.647909949031998,-10.174512005556227,-10.947268835104898,-10.890059994985252,0.46788327837942845,22,absolute_error
178.2818826675415,10.760346411451339,0.13951845169067384,0.00931405094125566,0.025,absolute_error,7,1.0,20,480,0.6,"{'learning_rate': 0.025, 'loss': 'absolute_error', 'max_depth': 7, 'max_features': 1.0, 'min_samples_leaf': 20, 'n_estimators': 480, 'subsample': 0.6}",-8.805844094713237,-9.21606447552662,-9.392647917511939,-9.260151598126063,-9.261879163115907,-9.187317449798753,0.19968634172374863,23,-13.520819856843787,-14.666445275503715,-14.555122996281195,-13.740594919727652,-14.189791126372661,-14.1345548349458,0.4460293947983901,57,-0.4693446088794926,-0.4150772025431426,-0.48217522658610273,-0.44652003615546854,-0.515370705244123,-0.4656975558816659,0.03371181938123013,65,1.6230693728426357,-0.15274197025482428,2.000627175869484,-0.15737036692695333,1.71123574576726,1.0049639914595203,0.9553557959934842,9,-11.110081239085423,-10.9176346589762,-11.81445506237234,-10.19302662157552,-10.645846569495422,-10.93620883030098,0.536381039260453,33,absolute_error
205.53938312530516,3.719857868961447,0.25339269638061523,0.14989145271382034,0.025,absolute_error,8,1.0,5,480,0.6,"{'learning_rate': 0.025, 'loss': 'absolute_error', 'max_depth': 8, 'max_features': 1.0, 'min_samples_leaf': 5, 'n_estimators': 480, 'subsample': 0.6}",-8.905676065118563,-9.343768512776832,-9.44683310262031,-9.346141596216775,-9.454913924711661,-9.299466640288829,0.20253047028251178,72,-13.475658758383107,-14.606085088526514,-14.431851858132696,-13.675850912857156,-14.173484992860233,-14.072586322151944,0.4330345718745161,38,-0.4663243733011175,-0.4102331214047835,-0.49244712990936557,-0.4287435974691172,-0.4837251356238698,-0.45629467154165065,0.031751389282173074,16,1.367075037444782,-0.1876922705306368,1.7989121369615737,-0.3986221548157101,1.5187577089291127,0.8196860915978244,0.9215536424838433,64,-11.014598089568405,-11.159601412597484,-11.418225994790197,-10.434580824318388,-11.342879277389436,-11.073977119732783,0.34942829585258034,59,absolute_error
204.85057964324952,10.438013869823578,0.17227468490600586,0.007679747367163295,0.025,absolute_error,8,1.0,10,480,0.6,"{'learning_rate': 0.025, 'loss': 'absolute_error', 'max_depth': 8, 'max_features': 1.0, 'min_samples_leaf': 10, 'n_estimators': 480, 'subsample': 0.6}",-8.906283826886789,-9.199788687048366,-9.437455360656811,-9.362736706660552,-9.413038597336678,-9.263860635717839,0.19704418742229307,54,-13.52642959904457,-14.438931240440837,-14.452185733998935,-13.705674244394821,-14.200853205375564,-14.064814804650945,0.38140958628242955,34,-0.4759891271519178,-0.4144716924008477,-0.48580060422960725,-0.43507080445917445,-0.4984930681133213,-0.46196505927097375,0.031868554883876875,41,1.3331108038282864,-0.2284596420738376,1.7583776315049084,-0.3303986915415665,1.6548658093322661,0.8374991822100114,0.9232540126719345,61,-10.755912316718785,-10.82260768281624,-11.523074379370426,-10.38030812748612,-11.101362400643154,-10.916652981406946,0.3805817555430941,29,absolute_error
202.0300733566284,4.808141480011912,0.2302107810974121,0.13130651082999908,0.025,absolute_error,8,1.0,15,480,0.6,"{'learning_rate': 0.025, 'loss': 'absolute_error', 'max_depth': 8, 'max_features': 1.0, 'min_samples_leaf': 15, 'n_estimators': 480, 'subsample': 0.6}",-8.8373754718341,-9.133958205384069,-9.385364618712149,-9.26372552482442,-9.360498058086547,-9.196184375768258,0.19998294085058632,26,-13.499694123023403,-14.483783747866266,-14.436910393407041,-13.686210806274271,-14.214442184557006,-14.064208251025596,0.3997696807467373,33,-0.4714587737843552,-0.4196185286103542,-0.48126888217522656,-0.43989153359445615,-0.5039180229053647,-0.4632311482139514,0.029984241329117856,54,1.455651077818295,-0.16767340712163037,1.820163947697136,-0.23124983553323983,1.7196974909248888,0.9193178547570898,0.9214272173815339,38,-10.916146990999064,-10.683852340786737,-11.641650833275184,-10.266707812588159,-10.994045703235631,-10.900480736176956,0.4487602762716575,25,absolute_error
199.9624891281128,11.36314962743572,0.23744549751281738,0.10365922153489796,0.025,absolute_error,8,1.0,20,480,0.6,"{'learning_rate': 0.025, 'loss': 'absolute_error', 'max_depth': 8, 'max_features': 1.0, 'min_samples_leaf': 20, 'n_estimators': 480, 'subsample': 0.6}",-8.713263592669266,-9.169594136097626,-9.315810887844334,-9.218917786005152,-9.280831184429772,-9.13968351740923,0.21906628273982096,7,-13.426537522559244,-14.544111498049869,-14.38445547204654,-13.644889989666972,-14.224641475512158,-14.044927191566956,0.4334044749601977,23,-0.4614919963757173,-0.42022403875264913,-0.4797583081570997,-0.4410967158782766,-0.515370705244123,-0.46358835288157313,0.032660715409713555,56,1.472554585883303,-0.08111818380606055,1.864923268809641,-0.31338407826327946,1.7324684985679146,0.9350888182383038,0.9360167899952574,34,-11.035747378660849,-10.81384584669274,-11.652465383666453,-10.094763106555765,-10.68483285034688,-10.856330913184538,0.5054151667092653,17,absolute_error
236.07595992088318,19.908984116713757,0.2782754898071289,0.1596903863992802,0.025,absolute_error,9,1.0,5,480,0.6,"{'learning_rate': 0.025, 'loss': 'absolute_error', 'max_depth': 9, 'max_features': 1.0, 'min_samples_leaf': 5, 'n_estimators': 480, 'subsample': 0.6}",-8.96894821081167,-9.290103303056592,-9.466249062917045,-9.502500238711084,-9.531010614035965,-9.35176228590647,0.20895337370809958,80,-13.520341822365182,-14.415979406812195,-14.355427672488641,-13.7820881328436,-14.183143813404303,-14.051396169582784,0.34561801794218433,27,-0.4569616430081546,-0.40448077505298213,-0.4770392749244713,-0.43055137089484785,-0.48282097649186256,-0.4503708080744637,0.02934745263357647,6,1.2628826708715306,-0.31210861552805375,1.5552287032473453,-0.5896016776025034,1.3629921274850114,0.655878641694666,0.9127447027882958,78,-11.195502990500023,-11.098172325189655,-11.551960546549758,-10.350563444478441,-11.281617071275468,-11.095563275598668,0.40197860289842446,68,absolute_error
238.9297188282013,12.605443878966469,0.23708791732788087,0.11559407629960824,0.025,absolute_error,9,1.0,10,480,0.6,"{'learning_rate': 0.025, 'loss': 'absolute_error', 'max_depth': 9, 'max_features': 1.0, 'min_samples_leaf': 10, 'n_estimators': 480, 'subsample': 0.6}",-8.937542690691973,-9.347143414208809,-9.426534786336097,-9.32962286773179,-9.412220416815494,-9.290612835156832,0.18035475965503853,69,-13.498748577960207,-14.61675906094291,-14.32862991350618,-13.637892600328534,-14.175766411859936,-14.051559312919554,0.42151302093634996,28,-0.46602234974328,-0.4114441416893733,-0.48398791540785496,-0.4386863513106357,-0.48794454490657024,-0.45761706061154284,0.028900302310426104,20,1.2381321797706608,-0.3295947653833026,1.6820697326317222,-0.41453010750761793,1.4908328114365594,0.7333819701896044,0.9139075117404014,72,-10.91758246795262,-10.95841176860583,-11.476117652242035,-10.161123925543963,-11.172430701463965,-10.937133303161682,0.43563621442691464,35,absolute_error
223.28363308906555,12.860528057879051,0.20089950561523437,0.016479977415008805,0.025,absolute_error,9,1.0,15,480,0.6,"{'learning_rate': 0.025, 'loss': 'absolute_error', 'max_depth': 9, 'max_features': 1.0, 'min_samples_leaf': 15, 'n_estimators': 480, 'subsample': 0.6}",-8.856994110295538,-9.165718259041455,-9.416895409420635,-9.268260723042687,-9.353959834902456,-9.212365667340553,0.19670816210440203,32,-13.53056082742792,-14.496623557070802,-14.408878373018164,-13.670586792311354,-14.200918546591021,-14.061513619283852,0.39093511356279403,30,-0.4669284204167925,-0.4171964880411747,-0.481570996978852,-0.44441096715878275,-0.49668474984930683,-0.4613583244889818,0.028017905508751714,36,1.3161138480443357,-0.24921794084658616,1.7865712323024532,-0.40288139149761987,1.6467623026696794,0.8194696101344524,0.9489561948355711,65,-10.893648269748812,-10.68621210123282,-11.632206582215629,-9.97430305132138,-11.07414928776224,-10.852103858456177,0.5399342001621003,14,absolute_error
215.15480575561523,15.030935347571837,0.17386188507080078,0.00805878313500196,0.025,absolute_error,9,1.0,20,480,0.6,"{'learning_rate': 0.025, 'loss': 'absolute_error', 'max_depth': 9, 'max_features': 1.0, 'min_samples_leaf': 20, 'n_estimators': 480, 'subsample': 0.6}",-8.773059351899922,-9.193463419740516,-9.254873204363475,-9.186615427747105,-9.316911289810076,-9.144984538712219,0.19185724067370008,8,-13.478280808907497,-14.565854780829643,-14.312561087290005,-13.54273879414406,-14.197620923567072,-14.019411278947654,0.4327435341377847,18,-0.46239806704922987,-0.42779291553133514,-0.472809667673716,-0.4341669177463091,-0.5084388185654009,-0.4611212773131982,0.029032793768866534,35,1.405734163667068,-0.16791577117194484,1.8818573425105323,-0.3519788378982056,1.6648468288201719,0.8865087451855242,0.9499249014504791,49,-11.006526887668944,-10.54896811154352,-11.777181504841202,-10.174239709128555,-10.799488274337628,-10.86128089750397,0.5354163836223491,19,absolute_error
133.58712978363036,11.027365432395193,0.14059147834777833,0.1078685738030398,0.03,absolute_error,6,1.0,5,400,0.6,"{'learning_rate': 0.03, 'loss': 'absolute_error', 'max_depth': 6, 'max_features': 1.0, 'min_samples_leaf': 5, 'n_estimators': 400, 'subsample': 0.6}",-8.93730800115028,-9.396244674908788,-9.565460296570151,-9.43993753096754,-9.297517478933543,-9.327293596506061,0.21313923428875084,75,-13.640132889781047,-14.707274706266302,-14.798075858703367,-13.896026218200356,-14.19682672403655,-14.247667279397524,0.4493379181779263,80,-0.49743279975838117,-0.420829548894944,-0.4779456193353474,-0.4377824645977704,-0.5036166365280289,-0.4675214138228944,0.03277424453056154,73,1.7189255628504823,-0.19237737762729926,1.8655823959393112,-0.3396015831648644,1.7107899630159393,0.9526637922027138,0.9976373940521825,31,-10.711229304920012,-10.935386216877973,-11.958518113845235,-10.393673437975597,-10.929253169475876,-10.98561204861894,0.5249614039139582,42,absolute_error
135.06536569595337,9.017111668852634,0.09676542282104492,0.011578043862441479,0.03,absolute_error,6,1.0,10,400,0.6,"{'learning_rate': 0.03, 'loss': 'absolute_error', 'max_depth': 6, 'max_features': 1.0, 'min_samples_leaf': 10, 'n_estimators': 400, 'subsample': 0.6}",-8.886373943221978,-9.303758029439816,-9.54116674985043,-9.40159487088335,-9.248932778879366,-9.276365274454989,0.21881426665977424,63,-13.605299026188227,-14.646025098581356,-14.805065346447114,-13.87659529334436,-14.19618414914803,-14.225833782741816,0.4516591532647894,76,-0.47357293868921774,-0.4211323039660914,-0.47945619335347434,-0.44380837601687256,-0.5066305003013863,-0.46492006246540846,0.029627700186495506,61,1.6349349421079264,-0.15033670707510755,1.915745258157427,-0.24136974033411138,1.757517940121644,0.9832983385955558,0.967310067408252,19,-11.108435497234474,-10.86763142622956,-11.94781939083365,-10.32002281340561,-10.86240436812771,-11.0212626991662,0.5304115975999727,47,absolute_error
129.37503724098207,7.8683835455477285,0.08523545265197754,0.0016516252406076901,0.03,absolute_error,6,1.0,15,400,0.6,"{'learning_rate': 0.03, 'loss': 'absolute_error', 'max_depth': 6, 'max_features': 1.0, 'min_samples_leaf': 15, 'n_estimators': 400, 'subsample': 0.6}",-8.871534272163078,-9.285869660506975,-9.531412583084952,-9.33281737020399,-9.273599927133201,-9.25904676261844,0.21481267905288412,53,-13.633002245268736,-14.624271615268166,-14.768540700872606,-13.86844193422558,-14.239165399510691,-14.226684379029155,0.43188789865411037,77,-0.4781032920567804,-0.41477444747199516,-0.48036253776435045,-0.4326604398915336,-0.49909584086799275,-0.4609993116105304,0.031807722114562585,34,1.7643161395545128,-0.18038214810023412,1.875029595389276,-0.1760247984401509,1.9125286378213997,1.0390934852449607,0.9951139942731931,4,-11.12296295426309,-10.97643257426258,-11.872743273820658,-10.581961889165804,-11.206393290615749,-11.152098796425577,0.4192946378924187,73,absolute_error
128.1053147315979,3.628839656607031,0.1254068374633789,0.08269985109943276,0.03,absolute_error,6,1.0,20,400,0.6,"{'learning_rate': 0.03, 'loss': 'absolute_error', 'max_depth': 6, 'max_features': 1.0, 'min_samples_leaf': 20, 'n_estimators': 400, 'subsample': 0.6}",-8.813867448078142,-9.235349826896853,-9.427515815644309,-9.260064653854418,-9.190901244499898,-9.185539797794723,0.20236425921532364,22,-13.607537982479142,-14.640630811109373,-14.71642289285352,-13.806539253124654,-14.221328582212681,-14.198491904355873,0.4397986480551155,66,-0.47025067955300515,-0.4144716924008477,-0.48942598187311176,-0.4296474841819825,-0.49156118143459915,-0.45907140388870926,0.031486071745072605,23,1.7016025614354984,-0.12909601205669002,1.8926996919059325,-0.15383873321792946,1.9156735970835703,1.0454082210300764,0.971957727945867,2,-11.180706872671696,-10.985374854060282,-11.564788064812129,-10.597322521245617,-11.297245654314517,-11.125087593420847,0.32376659112531253,70,absolute_error
160.607763671875,4.3923613106068915,0.14637284278869628,0.06850504233603426,0.03,absolute_error,7,1.0,5,400,0.6,"{'learning_rate': 0.03, 'loss': 'absolute_error', 'max_depth': 7, 'max_features': 1.0, 'min_samples_leaf': 5, 'n_estimators': 400, 'subsample': 0.6}",-8.948890344486966,-9.313598443868123,-9.524623915464785,-9.364946045533477,-9.359642961929794,-9.30234034225663,0.1906130619856108,73,-13.62537237913457,-14.55347676940113,-14.654187375432748,-13.736737669110314,-14.171140893622043,-14.148183017340159,0.41555955961874863,59,-0.48867411658109333,-0.4214350590372389,-0.48429003021148037,-0.4416993070201868,-0.5144665461121157,-0.47011301179242293,0.03373312962711343,78,1.6248544752865626,-0.16780804558866258,1.8578796509062585,-0.28455032750901066,1.7571726029054682,0.9575096712001233,0.9700029893101197,29,-10.818809980924028,-10.850770720372509,-11.751742609073036,-10.27893362487149,-10.804216181641298,-10.900894623376473,0.4752630416307272,26,absolute_error
150.95195956230162,3.5389864382894465,0.12549333572387694,0.02333341448591591,0.03,absolute_error,7,1.0,10,400,0.6,"{'learning_rate': 0.03, 'loss': 'absolute_error', 'max_depth': 7, 'max_features': 1.0, 'min_samples_leaf': 10, 'n_estimators': 400, 'subsample': 0.6}",-8.87458465634734,-9.262743098759266,-9.404958894731115,-9.439024355595915,-9.357074593149816,-9.26767711971669,0.20530177718245932,56,-13.509266448721025,-14.592026602469678,-14.52643223591162,-13.904965270892541,-14.228615665550343,-14.152261244709042,0.4034414714576067,60,-0.4753850800362428,-0.40902210112019377,-0.47371601208459213,-0.4410967158782766,-0.5027124773960217,-0.4603864773030654,0.032263040469829744,28,1.5699669393047109,-0.15822759473663778,1.8184510330277284,-0.3595265202438439,1.7183618623492978,0.917805143940251,0.9661047271683153,39,-10.985359063914848,-11.129613142038023,-11.846137391862811,-10.291958099567461,-11.015676906278793,-11.053748920732385,0.49398112823587337,56,absolute_error
152.99650540351868,8.973089581636529,0.10996670722961426,0.005400005877526464,0.03,absolute_error,7,1.0,15,400,0.6,"{'learning_rate': 0.03, 'loss': 'absolute_error', 'max_depth': 7, 'max_features': 1.0, 'min_samples_leaf': 15, 'n_estimators': 400, 'subsample': 0.6}",-8.824257280742884,-9.219088501859144,-9.380654589581784,-9.333732326791521,-9.32349428947273,-9.216245397689613,0.20297716755630493,34,-13.524182749979355,-14.639474333424234,-14.53590957684763,-13.764857192470133,-14.270633135958079,-14.147011397735886,0.4342812986930983,58,-0.46511627906976744,-0.42204056917953375,-0.4845921450151057,-0.45344983428743596,-0.5093429776974081,-0.46690836104985023,0.029362817143833524,70,1.5874947398478771,-0.0925716067493196,1.8736523552975388,-0.19528296218367583,1.8542256727066144,1.0055036397838069,0.9444980288474882,7,-11.19263342213507,-10.812369191014255,-11.61214338764045,-10.076582538582537,-10.972684862281382,-10.933282680330738,0.5056129752915852,30,absolute_error
153.77150769233702,8.781520972763989,0.10716218948364258,0.003738913566329169,0.03,absolute_error,7,1.0,20,400,0.6,"{'learning_rate': 0.03, 'loss': 'absolute_error', 'max_depth': 7, 'max_features': 1.0, 'min_samples_leaf': 20, 'n_estimators': 400, 'subsample': 0.6}",-8.813997305156983,-9.221125188449154,-9.366471566151956,-9.212751539851576,-9.191303559621984,-9.161129831846331,0.18430459372057487,13,-13.59189502815135,-14.620603121148934,-14.539127306662863,-13.695747699990102,-14.136685431324713,-14.116811717455594,0.42080485675430296,55,-0.4723648444578677,-0.4262791401755979,-0.48308157099697885,-0.42633323290147634,-0.5078360458107294,-0.46317896686853005,0.03223027775049166,53,1.6581076973274027,-0.166914959933711,1.9200864349352118,-0.223874587231948,1.8270436562460863,1.0028896482686085,0.9821592311864652,11,-11.084763319445587,-10.620048432097482,-11.681834578986406,-10.542078659273692,-10.848331175741917,-10.955411233109016,0.4096830490163591,38,absolute_error
177.96046409606933,6.993048151623557,0.1320267677307129,0.0054846330852319864,0.03,absolute_error,8,1.0,5,400,0.6,"{'learning_rate': 0.03, 'loss': 'absolute_error', 'max_depth': 8, 'max_features': 1.0, 'min_samples_leaf': 5, 'n_estimators': 400, 'subsample': 0.6}",-8.98943048645183,-9.347099844761445,-9.49396367487045,-9.376546539458305,-9.431329967290528,-9.327674102566512,0.1763923912977046,76,-13.569139846341224,-14.599447400952588,-14.533198788600792,-13.657401075929242,-14.182901359674053,-14.10841769429958,0.42926298574274996,53,-0.47025067955300515,-0.4087193460490463,-0.49244712990936557,-0.42392286833383547,-0.5018083182640145,-0.4594296684218534,0.03697422522533461,24,1.4082169433308083,-0.17986933110253917,1.7942806200969679,-0.4607040335470356,1.6115253890037256,0.8346899175563853,0.9550494095060725,62,-11.055430520234527,-11.214578661709394,-11.461376876178575,-10.515878207931593,-11.003061282938239,-11.050065109798465,0.31107422632544046,55,absolute_error
171.34723505973815,8.4840250798768,0.14137492179870606,0.00874087982014696,0.03,absolute_error,8,1.0,10,400,0.6,"{'learning_rate': 0.03, 'loss': 'absolute_error', 'max_depth': 8, 'max_features': 1.0, 'min_samples_leaf': 10, 'n_estimators': 400, 'subsample': 0.6}",-8.939445152134988,-9.284665070063133,-9.410667138490428,-9.33834570099986,-9.388579759203509,-9.272340564178384,0.17203122885840327,60,-13.52454453063037,-14.615357880848073,-14.326530471193177,-13.694363979970472,-14.197801183182829,-14.071719609164987,0.40451589501701685,37,-0.47025067955300515,-0.4099303663336361,-0.4827794561933535,-0.4251280506176559,-0.5069318866787221,-0.4590040878752745,0.03617912079472219,22,1.432872274307467,-0.24376111273795054,1.8333331498410952,-0.4080552791899171,1.6696770026708947,0.8568132069783179,0.9754321010433319,56,-11.02849807288085,-11.027365498908814,-11.645069134661245,-10.503059500349822,-10.907043976188845,-11.022207236597916,0.3662786029649637,48,absolute_error
170.10425577163696,5.27323888842703,0.13336563110351562,0.005152165830920751,0.03,absolute_error,8,1.0,15,400,0.6,"{'learning_rate': 0.03, 'loss': 'absolute_error', 'max_depth': 8, 'max_features': 1.0, 'min_samples_leaf': 15, 'n_estimators': 400, 'subsample': 0.6}",-8.790167530674633,-9.216302801524941,-9.367050203542378,-9.29962407247761,-9.343195280702718,-9.203267977784455,0.21284297056421422,28,-13.409899103932267,-14.545384205372455,-14.44243203549322,-13.695661807789826,-14.223846995684667,-14.063444829654486,0.43909272043743425,31,-0.47055270311084263,-0.42052679382379654,-0.4873111782477341,-0.44923169629406445,-0.5117540687160941,-0.46787528803850637,0.03130409938324502,74,1.3648745679381329,-0.1824762459571463,1.9129218485464485,-0.15151267528034304,1.7174527574961596,0.9322520505486503,0.9146125738727008,35,-10.790546979623514,-10.741083194039032,-11.573684901554252,-10.181952289502926,-10.806604885378055,-10.818774450019555,0.44326359507763363,10,absolute_error
171.71067128181457,9.40462230138847,0.13729958534240722,0.009028405692596825,0.03,absolute_error,8,1.0,20,400,0.6,"{'learning_rate': 0.03, 'loss': 'absolute_error', 'max_depth': 8, 'max_features': 1.0, 'min_samples_leaf': 20, 'n_estimators': 400, 'subsample': 0.6}",-8.833594904775211,-9.237661276097043,-9.343424823424975,-9.204084202384921,-9.27383717089725,-9.17852047551588,0.17855167551907264,21,-13.593772980333377,-14.66283536702895,-14.426655017849843,-13.5671263472655,-14.190458267916807,-14.088169596078895,0.44072444502978986,43,-0.45182724252491696,-0.4217378141083863,-0.5039274924471299,-0.42633323290147634,-0.5102471368294154,-0.46281458376226503,0.037627197568487016,50,1.4426073049986727,-0.1256703226174997,1.8637412504082225,-0.26273529458289707,1.7077857924067315,0.925145746122646,0.9248274655109717,37,-11.371826710080658,-10.802909590575354,-11.119820055272147,-10.486338171376298,-10.761082395818846,-10.90839538462466,0.30673429721646356,27,absolute_error
195.43835496902466,9.888971006727202,0.15989351272583008,0.01184335556391624,0.03,absolute_error,9,1.0,5,400,0.6,"{'learning_rate': 0.03, 'loss': 'absolute_error', 'max_depth': 9, 'max_features': 1.0, 'min_samples_leaf': 5, 'n_estimators': 400, 'subsample': 0.6}",-8.98514879723444,-9.383111391286045,-9.460947998682734,-9.401309336442882,-9.49057366069001,-9.344218236867222,0.18371101271587287,79,-13.46825405359798,-14.648922992247883,-14.341093384510122,-13.63457844012529,-14.149202693756228,-14.0484103128475,0.4391528359546168,24,-0.4720628209000302,-0.40811383590675143,-0.47764350453172205,-0.4233202771919253,-0.48583484026522,-0.45339505575912986,0.031444215745412465,10,1.2413808200305751,-0.30312103348667835,1.711015780505672,-0.5725158584960629,1.446052281746364,0.704562398059974,0.9483970105809583,74,-10.831746501204247,-11.124335367882532,-11.694876694849341,-10.428030446016189,-11.25549779063396,-11.066897360117254,0.423479433351427,58,absolute_error
190.43674764633178,6.512615035863246,0.17111558914184571,0.017258190532551967,0.03,absolute_error,9,1.0,10,400,0.6,"{'learning_rate': 0.03, 'loss': 'absolute_error', 'max_depth': 9, 'max_features': 1.0, 'min_samples_leaf': 10, 'n_estimators': 400, 'subsample': 0.6}",-8.89534145346382,-9.238361464213307,-9.40148891862211,-9.340626614468166,-9.460937691438843,-9.26735122844125,0.20003479691749573,55,-13.520505685813838,-14.585821544611386,-14.377366463129151,-13.611626391513786,-14.24072022505482,-14.067208062024596,0.42466523179461496,36,-0.4717607973421927,-0.41628822282773237,-0.4688821752265861,-0.4335643266043989,-0.49216395418927067,-0.45653189523803617,0.027572286369492445,17,1.2808673769370216,-0.27845587971272995,1.770730472052091,-0.4340957352696977,1.522679145654158,0.7723450759321686,0.9357405222932282,71,-10.785348091375539,-10.761661143856513,-11.913674672400646,-10.271291170277872,-11.158493773874639,-10.978093770357042,0.5461537658199395,40,absolute_error
164.69384880065917,7.6872026683414125,0.12489547729492187,0.006875452108735261,0.03,absolute_error,9,1.0,15,400,0.6,"{'learning_rate': 0.03, 'loss': 'absolute_error', 'max_depth': 9, 'max_features': 1.0, 'min_samples_leaf': 15, 'n_estimators': 400, 'subsample': 0.6}",-8.90908177791091,-9.294172486340981,-9.340593228911043,-9.259140988445962,-9.44668672646642,-9.249935041615062,0.18174310483005712,49,-13.583228818965122,-14.608327477350668,-14.363733546364012,-13.589258514138859,-14.323108785844372,-14.093531428532605,0.42554197087292533,45,-0.46481425551192995,-0.4262791401755979,-0.4809667673716012,-0.44441096715878275,-0.498794454490657,-0.46305311694171375,0.025695520256648913,52,1.2988372596055444,-0.17228543750639133,1.8074497272424763,-0.3995549006571756,1.6138246232065878,0.8296542543782083,0.9280062650104316,63,-10.980643253156915,-10.699429304794263,-11.589202947508843,-9.967785161142704,-11.087243703388229,-10.864860873998191,0.5328496148583273,20,absolute_error
139.45054054260254,4.444160474064096,0.10362234115600585,0.007595289457523455,0.03,absolute_error,9,1.0,20,400,0.6,"{'learning_rate': 0.03, 'loss': 'absolute_error', 'max_depth': 9, 'max_features': 1.0, 'min_samples_leaf': 20, 'n_estimators': 400, 'subsample': 0.6}",-8.73992060386409,-9.189236372232703,-9.301182985152169,-9.220048880327475,-9.317758169804113,-9.15362940227611,0.2123886463102232,12,-13.396670572037404,-14.492109387655224,-14.340766610914867,-13.582695085422236,-14.192485214761849,-14.000945374158317,0.4320855036100266,8,-0.4500151011778919,-0.41992128368150167,-0.48942598187311176,-0.4293461886110274,-0.5111512959614225,-0.459971970260991,0.03500856300477214,26,1.3121867840545178,-0.20151924001508673,1.7989437322397128,-0.4229767827617154,1.7079385680100188,0.8389146123054895,0.9566313385271633,60,-11.168633409865274,-10.701668957359331,-11.339944269928125,-10.24473062870904,-10.78515972171795,-10.848027397515944,0.38317373433900487,13,absolute_error
